timestamp,collected_at,seconds,up_mid,up_best_bid,up_best_ask,down_mid,down_best_bid,down_best_ask,up_best_bid_size,up_best_ask_size,down_best_bid_size,down_best_ask_size
2026-01-06 10:00:00.529000+00:00,2026-01-06 10:00:00.912121+00:00,0.529,0.515,0.49,0.54,0.485,0.46,0.51,,,,
2026-01-06 10:00:01.614000+00:00,2026-01-06 10:00:01.912718+00:00,1.614,0.51,0.49,0.53,0.505,0.47,0.54,,,,
2026-01-06 10:00:02.685000+00:00,2026-01-06 10:00:02.912216+00:00,2.685,0.51,0.5,0.52,0.49,0.48,0.5,,,,
2026-01-06 10:00:03.458000+00:00,2026-01-06 10:00:03.923390+00:00,3.458,0.515,0.51,0.52,0.485,0.48,0.49,,,,
2026-01-06 10:00:04.703000+00:00,2026-01-06 10:00:04.944528+00:00,4.703,0.515,0.51,0.52,0.515,0.51,0.52,,,,
2026-01-06 10:00:05.725000+00:00,2026-01-06 10:00:05.971025+00:00,5.725,0.445,0.44,0.45,0.555,0.55,0.56,,,,
2026-01-06 10:00:06.711000+00:00,2026-01-06 10:00:06.985090+00:00,6.711,0.47,0.46,0.48,0.525,0.52,0.53,,,,
2026-01-06 10:00:07.751000+00:00,2026-01-06 10:00:07.989480+00:00,7.751,0.4649999999999999,0.46,0.47,0.535,0.53,0.54,,,,
2026-01-06 10:00:08.740000+00:00,2026-01-06 10:00:08.984889+00:00,8.74,0.4599999999999999,0.45,0.47,0.545,0.54,0.55,,,,
2026-01-06 10:00:09.758000+00:00,2026-01-06 10:00:10.005739+00:00,9.758,0.445,0.44,0.45,0.555,0.55,0.56,,,,
2026-01-06 10:00:10.789000+00:00,2026-01-06 10:00:11.020861+00:00,10.789,0.455,0.45,0.46,0.545,0.54,0.55,,,,
2026-01-06 10:00:11.779000+00:00,2026-01-06 10:00:12.021576+00:00,11.779,0.545,0.54,0.55,0.445,0.44,0.45,,,,
2026-01-06 10:00:12.794000+00:00,2026-01-06 10:00:13.036088+00:00,12.794,0.535,0.53,0.54,0.4649999999999999,0.46,0.47,,,,
2026-01-06 10:00:13.812000+00:00,2026-01-06 10:00:14.048020+00:00,13.812,0.535,0.53,0.54,0.4649999999999999,0.46,0.47,,,,
2026-01-06 10:00:14.898000+00:00,2026-01-06 10:00:15.053579+00:00,14.898,0.525,0.52,0.53,0.475,0.47,0.48,,,,
2026-01-06 10:00:15.826000+00:00,2026-01-06 10:00:16.053952+00:00,15.826,0.525,0.52,0.53,0.475,0.47,0.48,,,,
2026-01-06 10:00:16.819000+00:00,2026-01-06 10:00:17.061327+00:00,16.819,0.525,0.52,0.53,0.4649999999999999,0.46,0.47,,,,
2026-01-06 10:00:17.842000+00:00,2026-01-06 10:00:18.082233+00:00,17.842,0.535,0.53,0.54,0.4649999999999999,0.46,0.47,,,,
2026-01-06 10:00:18.855000+00:00,2026-01-06 10:00:19.097084+00:00,18.855,0.545,0.53,0.56,0.4599999999999999,0.45,0.47,,,,
2026-01-06 10:00:19.822000+00:00,2026-01-06 10:00:20.111332+00:00,19.822,0.535,0.53,0.54,0.4649999999999999,0.46,0.47,,,,
2026-01-06 10:00:20.872000+00:00,2026-01-06 10:00:21.116336+00:00,20.872,0.54,0.53,0.55,0.4599999999999999,0.45,0.47,,,,
2026-01-06 10:00:21.890000+00:00,2026-01-06 10:00:22.127958+00:00,21.89,0.54,0.53,0.55,0.4599999999999999,0.45,0.47,,,,
2026-01-06 10:00:22.848000+00:00,2026-01-06 10:00:23.116509+00:00,22.848,0.545,0.54,0.55,0.455,0.45,0.46,,,,
2026-01-06 10:00:23.468000+00:00,2026-01-06 10:00:24.135524+00:00,23.468,0.54,0.53,0.55,0.4599999999999999,0.45,0.47,,,,
2026-01-06 10:00:24.837000+00:00,2026-01-06 10:00:25.148917+00:00,24.837,0.54,0.53,0.55,0.4599999999999999,0.45,0.47,,,,
2026-01-06 10:00:25.852000+00:00,2026-01-06 10:00:26.161382+00:00,25.852,0.54,0.53,0.55,0.4599999999999999,0.45,0.47,,,,
2026-01-06 10:00:26.917000+00:00,2026-01-06 10:00:27.176456+00:00,26.917,0.54,0.53,0.55,0.4599999999999999,0.45,0.47,,,,
2026-01-06 10:00:27.914000+00:00,2026-01-06 10:00:28.182035+00:00,27.914,0.54,0.53,0.55,0.4599999999999999,0.45,0.47,,,,
2026-01-06 10:00:28.842000+00:00,2026-01-06 10:00:29.178691+00:00,28.842,0.54,0.53,0.55,0.4599999999999999,0.45,0.47,,,,
2026-01-06 10:00:29.907000+00:00,2026-01-06 10:00:30.178882+00:00,29.907,0.535,0.53,0.54,0.4649999999999999,0.46,0.47,,,,
2026-01-06 10:00:30.944000+00:00,2026-01-06 10:00:31.179163+00:00,30.944,0.535,0.53,0.54,0.4649999999999999,0.46,0.47,,,,
2026-01-06 10:00:31.742000+00:00,2026-01-06 10:00:32.185071+00:00,31.742,0.535,0.53,0.54,0.4649999999999999,0.46,0.47,,,,
2026-01-06 10:00:32.925000+00:00,2026-01-06 10:00:33.180621+00:00,32.925,0.535,0.53,0.54,0.4649999999999999,0.46,0.47,,,,
2026-01-06 10:00:33.938000+00:00,2026-01-06 10:00:34.178376+00:00,33.938,0.535,0.53,0.54,0.4649999999999999,0.46,0.47,,,,
2026-01-06 10:00:34.941000+00:00,2026-01-06 10:00:35.178091+00:00,34.941,0.555,0.55,0.56,0.445,0.44,0.45,,,,
2026-01-06 10:00:35.730000+00:00,2026-01-06 10:00:36.189357+00:00,35.73,0.555,0.55,0.56,0.445,0.44,0.45,,,,
2026-01-06 10:00:36.905000+00:00,2026-01-06 10:00:37.200762+00:00,36.905,0.555,0.55,0.56,0.445,0.44,0.45,,,,
2026-01-06 10:00:37.952000+00:00,2026-01-06 10:00:38.210102+00:00,37.952,0.555,0.55,0.56,0.445,0.44,0.45,,,,
2026-01-06 10:00:38.967000+00:00,2026-01-06 10:00:39.208617+00:00,38.967,0.555,0.55,0.56,0.445,0.44,0.45,,,,
2026-01-06 10:00:39.977000+00:00,2026-01-06 10:00:40.223712+00:00,39.977,0.555,0.55,0.56,0.445,0.44,0.45,,,,
2026-01-06 10:00:40.983000+00:00,2026-01-06 10:00:41.227436+00:00,40.983,0.555,0.55,0.56,0.445,0.44,0.45,,,,
2026-01-06 10:00:41.806000+00:00,2026-01-06 10:00:42.238882+00:00,41.806,0.555,0.55,0.56,0.445,0.44,0.45,,,,
2026-01-06 10:00:42.987000+00:00,2026-01-06 10:00:43.230971+00:00,42.987,0.555,0.55,0.56,0.445,0.44,0.45,,,,
2026-01-06 10:00:44.002000+00:00,2026-01-06 10:00:44.243392+00:00,44.002,0.55,0.54,0.56,0.45,0.44,0.46,,,,
2026-01-06 10:00:45.948000+00:00,2026-01-06 10:00:46.261060+00:00,45.948,0.545,0.54,0.55,0.455,0.45,0.46,,,,
2026-01-06 10:00:47.960000+00:00,2026-01-06 10:00:48.283276+00:00,47.96,0.535,0.53,0.54,0.4649999999999999,0.46,0.47,,,,
2026-01-06 10:00:49.962000+00:00,2026-01-06 10:00:50.290483+00:00,49.962,0.535,0.53,0.54,0.4649999999999999,0.46,0.47,,,,
2026-01-06 10:00:50.906000+00:00,2026-01-06 10:00:51.301816+00:00,50.906,0.535,0.53,0.54,0.4649999999999999,0.46,0.47,,,,
2026-01-06 10:00:51.691000+00:00,2026-01-06 10:00:52.322493+00:00,51.691,0.535,0.53,0.54,0.4649999999999999,0.46,0.47,,,,
2026-01-06 10:00:52.897000+00:00,2026-01-06 10:00:53.333785+00:00,52.897,0.535,0.53,0.54,0.4649999999999999,0.46,0.47,,,,
2026-01-06 10:00:54.094000+00:00,2026-01-06 10:00:54.337190+00:00,54.094,0.535,0.53,0.54,0.4649999999999999,0.46,0.47,,,,
2026-01-06 10:00:55.019000+00:00,2026-01-06 10:00:55.343197+00:00,55.019,0.54,0.53,0.55,0.4599999999999999,0.45,0.47,,,,
2026-01-06 10:00:56.870000+00:00,2026-01-06 10:00:57.364804+00:00,56.87,0.54,0.53,0.55,0.4599999999999999,0.45,0.47,,,,
2026-01-06 10:00:58.024000+00:00,2026-01-06 10:00:58.381507+00:00,58.024,0.535,0.53,0.54,0.4649999999999999,0.46,0.47,,,,
2026-01-06 10:00:59.002000+00:00,2026-01-06 10:00:59.384739+00:00,59.002,0.535,0.53,0.54,0.4649999999999999,0.46,0.47,,,,
2026-01-06 10:01:00.132000+00:00,2026-01-06 10:01:00.400597+00:00,60.132,0.535,0.53,0.54,0.4649999999999999,0.46,0.47,,,,
2026-01-06 10:01:01.172000+00:00,2026-01-06 10:01:01.404223+00:00,61.172,0.535,0.53,0.54,0.4649999999999999,0.46,0.47,,,,
2026-01-06 10:01:02.176000+00:00,2026-01-06 10:01:02.412955+00:00,62.176,0.535,0.53,0.54,0.4649999999999999,0.46,0.47,,,,
2026-01-06 10:01:03.096000+00:00,2026-01-06 10:01:03.413274+00:00,63.096,0.535,0.53,0.54,0.4649999999999999,0.46,0.47,,,,
2026-01-06 10:01:04.121000+00:00,2026-01-06 10:01:04.421949+00:00,64.121,0.535,0.53,0.54,0.4649999999999999,0.46,0.47,,,,
2026-01-06 10:01:07+00:00,2026-01-06 10:01:07.334322+00:00,67.0,0.535,0.53,0.54,0.4649999999999999,0.46,0.47,,,,
2026-01-06 10:01:08.106000+00:00,2026-01-06 10:01:08.339727+00:00,68.106,0.535,0.53,0.54,0.4649999999999999,0.46,0.47,,,,
2026-01-06 10:01:09.427000+00:00,2026-01-06 10:01:10.357618+00:00,69.427,0.535,0.53,0.54,0.4649999999999999,0.46,0.47,,,,
2026-01-06 10:01:11.807000+00:00,2026-01-06 10:01:12.356603+00:00,71.807,0.535,0.53,0.54,0.4649999999999999,0.46,0.47,,,,
2026-01-06 10:01:12.828000+00:00,2026-01-06 10:01:13.370215+00:00,72.828,0.535,0.53,0.54,0.4649999999999999,0.46,0.47,,,,
2026-01-06 10:01:14.148000+00:00,2026-01-06 10:01:14.384127+00:00,74.148,0.535,0.53,0.54,0.4649999999999999,0.46,0.47,,,,
2026-01-06 10:01:15.922000+00:00,2026-01-06 10:01:16.399649+00:00,75.922,0.535,0.53,0.54,0.4649999999999999,0.46,0.47,,,,
2026-01-06 10:01:17.888000+00:00,2026-01-06 10:01:18.415363+00:00,77.888,0.535,0.53,0.54,0.4649999999999999,0.46,0.47,,,,
2026-01-06 10:01:19.187000+00:00,2026-01-06 10:01:19.410368+00:00,79.187,0.545,0.54,0.55,0.455,0.45,0.46,,,,
2026-01-06 10:01:20.189000+00:00,2026-01-06 10:01:20.414454+00:00,80.189,0.555,0.55,0.56,0.445,0.44,0.45,,,,
2026-01-06 10:01:21.144000+00:00,2026-01-06 10:01:21.428704+00:00,81.144,0.555,0.55,0.56,0.445,0.44,0.45,,,,
2026-01-06 10:01:22.203000+00:00,2026-01-06 10:01:22.445083+00:00,82.203,0.555,0.55,0.56,0.445,0.44,0.45,,,,
2026-01-06 10:01:23.160000+00:00,2026-01-06 10:01:23.442090+00:00,83.16,0.545,0.54,0.55,0.455,0.45,0.46,,,,
2026-01-06 10:01:24.201000+00:00,2026-01-06 10:01:24.447016+00:00,84.201,0.54,0.53,0.55,0.4599999999999999,0.45,0.47,,,,
2026-01-06 10:01:25.177000+00:00,2026-01-06 10:01:25.458487+00:00,85.177,0.54,0.53,0.55,0.455,0.45,0.46,,,,
2026-01-06 10:01:26.229000+00:00,2026-01-06 10:01:26.477519+00:00,86.229,0.54,0.53,0.55,0.4599999999999999,0.45,0.47,,,,
2026-01-06 10:01:27.229000+00:00,2026-01-06 10:01:27.492909+00:00,87.229,0.545,0.54,0.55,0.455,0.45,0.46,,,,
2026-01-06 10:01:28.227000+00:00,2026-01-06 10:01:28.497472+00:00,88.227,0.525,0.52,0.53,0.475,0.47,0.48,,,,
2026-01-06 10:01:29.265000+00:00,2026-01-06 10:01:29.508541+00:00,89.265,0.53,0.52,0.54,0.495,0.49,0.5,,,,
2026-01-06 10:01:30.290000+00:00,2026-01-06 10:01:30.526073+00:00,90.29,0.515,0.51,0.52,0.485,0.48,0.49,,,,
2026-01-06 10:01:31.312000+00:00,2026-01-06 10:01:31.545787+00:00,91.312,0.515,0.51,0.52,0.535,0.53,0.54,,,,
2026-01-06 10:01:32.259000+00:00,2026-01-06 10:01:32.549094+00:00,92.259,0.4649999999999999,0.46,0.47,0.54,0.53,0.55,,,,
2026-01-06 10:01:33.299000+00:00,2026-01-06 10:01:33.548528+00:00,93.299,0.4649999999999999,0.46,0.47,0.535,0.53,0.54,,,,
2026-01-06 10:01:34.316000+00:00,2026-01-06 10:01:34.551787+00:00,94.316,0.4649999999999999,0.46,0.47,0.535,0.53,0.54,,,,
2026-01-06 10:01:35.353000+00:00,2026-01-06 10:01:35.551905+00:00,95.353,0.455,0.45,0.46,0.545,0.54,0.55,,,,
2026-01-06 10:01:36.316000+00:00,2026-01-06 10:01:36.558270+00:00,96.316,0.455,0.45,0.46,0.555,0.55,0.56,,,,
2026-01-06 10:01:37.309000+00:00,2026-01-06 10:01:37.576064+00:00,97.309,0.445,0.44,0.45,0.555,0.55,0.56,,,,
2026-01-06 10:01:38.284000+00:00,2026-01-06 10:01:38.575810+00:00,98.284,0.43,0.42,0.44,0.575,0.57,0.58,,,,
2026-01-06 10:01:39.329000+00:00,2026-01-06 10:01:39.587619+00:00,99.329,0.415,0.41,0.42,0.585,0.58,0.59,,,,
2026-01-06 10:01:40.305000+00:00,2026-01-06 10:01:40.592632+00:00,100.305,0.405,0.4,0.41,0.595,0.59,0.6,,,,
2026-01-06 10:01:41.318000+00:00,2026-01-06 10:01:41.608651+00:00,101.318,0.415,0.41,0.42,0.59,0.58,0.6,,,,
2026-01-06 10:01:42.376000+00:00,2026-01-06 10:01:42.629775+00:00,102.376,0.395,0.39,0.4,0.605,0.6,0.61,,,,
2026-01-06 10:01:43.403000+00:00,2026-01-06 10:01:43.642766+00:00,103.403,0.385,0.38,0.39,0.615,0.61,0.62,,,,
2026-01-06 10:01:44.397000+00:00,2026-01-06 10:01:44.660965+00:00,104.397,0.385,0.38,0.39,0.615,0.61,0.62,,,,
2026-01-06 10:01:45.383000+00:00,2026-01-06 10:01:45.669664+00:00,105.383,0.385,0.38,0.39,0.615,0.61,0.62,,,,
2026-01-06 10:01:46.429000+00:00,2026-01-06 10:01:46.690403+00:00,106.429,0.385,0.38,0.39,0.615,0.61,0.62,,,,
2026-01-06 10:01:47.468000+00:00,2026-01-06 10:01:47.692208+00:00,107.468,0.39,0.38,0.4,0.61,0.6,0.62,,,,
2026-01-06 10:01:48.453000+00:00,2026-01-06 10:01:48.699185+00:00,108.453,0.39,0.38,0.4,0.61,0.6,0.62,,,,
2026-01-06 10:01:49.314000+00:00,2026-01-06 10:01:49.716995+00:00,109.314,0.385,0.38,0.39,0.615,0.61,0.62,,,,
2026-01-06 10:01:50.485000+00:00,2026-01-06 10:01:50.724348+00:00,110.485,0.385,0.38,0.39,0.63,0.62,0.64,,,,
2026-01-06 10:01:51.453000+00:00,2026-01-06 10:01:51.734185+00:00,111.453,0.335,0.33,0.34,0.665,0.66,0.67,,,,
2026-01-06 10:01:52.462000+00:00,2026-01-06 10:01:52.736752+00:00,112.462,0.335,0.33,0.34,0.665,0.66,0.67,,,,
2026-01-06 10:01:53.492000+00:00,2026-01-06 10:01:53.756608+00:00,113.492,0.335,0.33,0.34,0.665,0.66,0.67,,,,
2026-01-06 10:01:54.475000+00:00,2026-01-06 10:01:54.759052+00:00,114.475,0.335,0.33,0.34,0.665,0.66,0.67,,,,
2026-01-06 10:01:55.529000+00:00,2026-01-06 10:01:55.758030+00:00,115.529,0.335,0.33,0.34,0.665,0.66,0.67,,,,
2026-01-06 10:01:56.495000+00:00,2026-01-06 10:01:56.774651+00:00,116.495,0.335,0.33,0.34,0.665,0.66,0.67,,,,
2026-01-06 10:01:57.537000+00:00,2026-01-06 10:01:57.792883+00:00,117.537,0.335,0.33,0.34,0.665,0.66,0.67,,,,
2026-01-06 10:01:58.569000+00:00,2026-01-06 10:01:58.806752+00:00,118.569,0.345,0.34,0.35,0.655,0.65,0.66,,,,
2026-01-06 10:01:59.584000+00:00,2026-01-06 10:01:59.824925+00:00,119.584,0.345,0.34,0.35,0.655,0.65,0.66,,,,
2026-01-06 10:02:00.606000+00:00,2026-01-06 10:02:00.839882+00:00,120.606,0.345,0.34,0.35,0.655,0.65,0.66,,,,
2026-01-06 10:02:01.588000+00:00,2026-01-06 10:02:01.839254+00:00,121.588,0.345,0.34,0.35,0.655,0.65,0.66,,,,
2026-01-06 10:02:02.618000+00:00,2026-01-06 10:02:02.854407+00:00,122.618,0.35,0.34,0.36,0.655,0.65,0.66,,,,
2026-01-06 10:02:03.612000+00:00,2026-01-06 10:02:03.870154+00:00,123.612,0.3399999999999999,0.33,0.35,0.66,0.65,0.67,,,,
2026-01-06 10:02:04.634000+00:00,2026-01-06 10:02:04.887812+00:00,124.634,0.335,0.33,0.34,0.665,0.66,0.67,,,,
2026-01-06 10:02:05.645000+00:00,2026-01-06 10:02:05.892898+00:00,125.645,0.355,0.35,0.36,0.645,0.64,0.65,,,,
2026-01-06 10:02:06.609000+00:00,2026-01-06 10:02:06.893754+00:00,126.609,0.355,0.35,0.36,0.645,0.64,0.65,,,,
2026-01-06 10:02:07.648000+00:00,2026-01-06 10:02:07.889879+00:00,127.648,0.355,0.35,0.36,0.645,0.64,0.65,,,,
2026-01-06 10:02:08.653000+00:00,2026-01-06 10:02:08.891425+00:00,128.653,0.365,0.36,0.37,0.635,0.63,0.64,,,,
2026-01-06 10:02:09.658000+00:00,2026-01-06 10:02:09.895862+00:00,129.658,0.365,0.36,0.37,0.635,0.63,0.64,,,,
2026-01-06 10:02:10.671000+00:00,2026-01-06 10:02:10.908608+00:00,130.671,0.365,0.36,0.37,0.635,0.63,0.64,,,,
2026-01-06 10:02:11.551000+00:00,2026-01-06 10:02:11.919773+00:00,131.551,0.36,0.35,0.37,0.64,0.63,0.65,,,,
2026-01-06 10:02:12.452000+00:00,2026-01-06 10:02:12.928948+00:00,132.452,0.36,0.35,0.37,0.64,0.63,0.65,,,,
2026-01-06 10:02:13.557000+00:00,2026-01-06 10:02:13.930537+00:00,133.557,0.36,0.35,0.37,0.64,0.63,0.65,,,,
2026-01-06 10:02:14.689000+00:00,2026-01-06 10:02:14.942770+00:00,134.689,0.365,0.36,0.37,0.635,0.63,0.64,,,,
2026-01-06 10:02:15.707000+00:00,2026-01-06 10:02:15.944890+00:00,135.707,0.365,0.36,0.37,0.635,0.63,0.64,,,,
2026-01-06 10:02:16.624000+00:00,2026-01-06 10:02:16.949753+00:00,136.624,0.365,0.36,0.37,0.635,0.63,0.64,,,,
2026-01-06 10:02:17.727000+00:00,2026-01-06 10:02:17.975148+00:00,137.727,0.365,0.36,0.37,0.635,0.63,0.64,,,,
2026-01-06 10:02:18.741000+00:00,2026-01-06 10:02:18.974628+00:00,138.741,0.385,0.38,0.39,0.615,0.61,0.62,,,,
2026-01-06 10:02:19.722000+00:00,2026-01-06 10:02:19.977474+00:00,139.722,0.425,0.42,0.43,0.575,0.57,0.58,,,,
2026-01-06 10:02:20.740000+00:00,2026-01-06 10:02:20.974130+00:00,140.74,0.445,0.44,0.45,0.545,0.54,0.55,,,,
2026-01-06 10:02:21.746000+00:00,2026-01-06 10:02:21.990746+00:00,141.746,0.495,0.49,0.5,0.495,0.49,0.5,,,,
2026-01-06 10:02:22.774000+00:00,2026-01-06 10:02:23.008022+00:00,142.774,0.515,0.51,0.52,0.485,0.48,0.49,,,,
2026-01-06 10:02:23.762000+00:00,2026-01-06 10:02:24.008509+00:00,143.762,0.515,0.51,0.52,0.485,0.48,0.49,,,,
2026-01-06 10:02:24.775000+00:00,2026-01-06 10:02:25.013129+00:00,144.775,0.515,0.51,0.52,0.475,0.47,0.48,,,,
2026-01-06 10:02:25.778000+00:00,2026-01-06 10:02:26.028812+00:00,145.778,0.525,0.52,0.53,0.475,0.47,0.48,,,,
2026-01-06 10:02:26.794000+00:00,2026-01-06 10:02:27.043449+00:00,146.794,0.515,0.51,0.52,0.485,0.48,0.49,,,,
2026-01-06 10:02:27.773000+00:00,2026-01-06 10:02:28.038601+00:00,147.773,0.515,0.51,0.52,0.49,0.48,0.5,,,,
2026-01-06 10:02:28.809000+00:00,2026-01-06 10:02:29.047243+00:00,148.809,0.515,0.51,0.52,0.485,0.48,0.49,,,,
2026-01-06 10:02:29.675000+00:00,2026-01-06 10:02:30.046028+00:00,149.675,0.515,0.51,0.52,0.48,0.47,0.49,,,,
2026-01-06 10:02:30.808000+00:00,2026-01-06 10:02:31.046401+00:00,150.808,0.525,0.52,0.53,0.475,0.47,0.48,,,,
2026-01-06 10:02:31.679000+00:00,2026-01-06 10:02:32.045010+00:00,151.679,0.515,0.51,0.52,0.48,0.47,0.49,,,,
2026-01-06 10:02:32.760000+00:00,2026-01-06 10:02:33.060904+00:00,152.76,0.515,0.51,0.52,0.49,0.48,0.5,,,,
2026-01-06 10:02:33.783000+00:00,2026-01-06 10:02:34.073741+00:00,153.783,0.51,0.5,0.52,0.485,0.48,0.49,,,,
2026-01-06 10:02:34.939000+00:00,2026-01-06 10:02:35.066095+00:00,154.939,0.515,0.51,0.52,0.485,0.48,0.49,,,,
2026-01-06 10:02:35.823000+00:00,2026-01-06 10:02:36.062845+00:00,155.823,0.52,0.51,0.53,0.475,0.47,0.48,,,,
2026-01-06 10:02:36.827000+00:00,2026-01-06 10:02:37.064564+00:00,156.827,0.52,0.51,0.53,0.485,0.48,0.49,,,,
2026-01-06 10:02:37.815000+00:00,2026-01-06 10:02:38.068335+00:00,157.815,0.445,0.44,0.45,0.555,0.55,0.56,,,,
2026-01-06 10:02:38.853000+00:00,2026-01-06 10:02:39.070025+00:00,158.853,0.455,0.45,0.46,0.545,0.54,0.55,,,,
2026-01-06 10:02:39.856000+00:00,2026-01-06 10:02:40.089777+00:00,159.856,0.495,0.49,0.5,0.505,0.5,0.51,,,,
2026-01-06 10:02:40.839000+00:00,2026-01-06 10:02:41.098188+00:00,160.839,0.49,0.48,0.5,0.51,0.5,0.52,,,,
2026-01-06 10:02:41.865000+00:00,2026-01-06 10:02:42.106677+00:00,161.865,0.49,0.48,0.5,0.51,0.5,0.52,,,,
2026-01-06 10:02:42.829000+00:00,2026-01-06 10:02:43.115685+00:00,162.829,0.49,0.48,0.5,0.51,0.5,0.52,,,,
2026-01-06 10:02:43.873000+00:00,2026-01-06 10:02:44.125291+00:00,163.873,0.485,0.48,0.49,0.515,0.51,0.52,,,,
2026-01-06 10:02:44.757000+00:00,2026-01-06 10:02:45.138589+00:00,164.757,0.485,0.48,0.49,0.515,0.51,0.52,,,,
2026-01-06 10:02:45.855000+00:00,2026-01-06 10:02:46.139682+00:00,165.855,0.485,0.48,0.49,0.505,0.5,0.51,,,,
2026-01-06 10:02:46.914000+00:00,2026-01-06 10:02:47.154900+00:00,166.914,0.495,0.49,0.5,0.505,0.5,0.51,,,,
2026-01-06 10:02:47.706000+00:00,2026-01-06 10:02:48.173010+00:00,167.706,0.495,0.49,0.5,0.505,0.5,0.51,,,,
2026-01-06 10:02:48.803000+00:00,2026-01-06 10:02:49.172274+00:00,168.803,0.495,0.49,0.5,0.505,0.5,0.51,,,,
2026-01-06 10:02:49.890000+00:00,2026-01-06 10:02:50.186766+00:00,169.89,0.495,0.49,0.5,0.505,0.5,0.51,,,,
2026-01-06 10:02:50.953000+00:00,2026-01-06 10:02:51.189954+00:00,170.953,0.515,0.5,0.53,0.48,0.47,0.49,,,,
2026-01-06 10:02:51.972000+00:00,2026-01-06 10:02:52.205558+00:00,171.972,0.53,0.52,0.54,0.47,0.46,0.48,,,,
2026-01-06 10:02:52.952000+00:00,2026-01-06 10:02:53.207625+00:00,172.952,0.5700000000000001,0.56,0.58,0.425,0.42,0.43,,,,
2026-01-06 10:02:53.949000+00:00,2026-01-06 10:02:54.211543+00:00,173.949,0.575,0.57,0.58,0.425,0.42,0.43,,,,
2026-01-06 10:02:54.916000+00:00,2026-01-06 10:02:55.213087+00:00,174.916,0.575,0.57,0.58,0.425,0.42,0.43,,,,
2026-01-06 10:02:55.944000+00:00,2026-01-06 10:02:56.217831+00:00,175.944,0.575,0.57,0.58,0.425,0.42,0.43,,,,
2026-01-06 10:02:56.980000+00:00,2026-01-06 10:02:57.228712+00:00,176.98,0.5700000000000001,0.56,0.58,0.435,0.43,0.44,,,,
2026-01-06 10:02:57.931000+00:00,2026-01-06 10:02:58.235089+00:00,177.931,0.545,0.54,0.55,0.455,0.45,0.46,,,,
2026-01-06 10:02:59.965000+00:00,2026-01-06 10:03:00.254132+00:00,179.965,0.555,0.55,0.56,0.445,0.44,0.45,,,,
2026-01-06 10:03:00.994000+00:00,2026-01-06 10:03:01.254571+00:00,180.994,0.555,0.55,0.56,0.445,0.44,0.45,,,,
2026-01-06 10:03:02.009000+00:00,2026-01-06 10:03:02.256062+00:00,182.009,0.565,0.56,0.57,0.435,0.43,0.44,,,,
2026-01-06 10:03:03.035000+00:00,2026-01-06 10:03:03.277064+00:00,183.035,0.555,0.55,0.56,0.445,0.44,0.45,,,,
2026-01-06 10:03:04.032000+00:00,2026-01-06 10:03:04.273248+00:00,184.032,0.555,0.55,0.56,0.445,0.44,0.45,,,,
2026-01-06 10:03:05.052000+00:00,2026-01-06 10:03:05.286232+00:00,185.052,0.555,0.55,0.56,0.445,0.44,0.45,,,,
2026-01-06 10:03:06.026000+00:00,2026-01-06 10:03:06.304035+00:00,186.026,0.565,0.56,0.57,0.435,0.43,0.44,,,,
2026-01-06 10:03:07.061000+00:00,2026-01-06 10:03:07.306017+00:00,187.061,0.615,0.61,0.62,0.385,0.38,0.39,,,,
2026-01-06 10:03:08.006000+00:00,2026-01-06 10:03:08.324949+00:00,188.006,0.615,0.61,0.62,0.385,0.38,0.39,,,,
2026-01-06 10:03:09.098000+00:00,2026-01-06 10:03:09.339048+00:00,189.098,0.615,0.61,0.62,0.385,0.38,0.39,,,,
2026-01-06 10:03:10.087000+00:00,2026-01-06 10:03:10.342467+00:00,190.087,0.615,0.61,0.62,0.385,0.38,0.39,,,,
2026-01-06 10:03:11.089000+00:00,2026-01-06 10:03:11.339322+00:00,191.089,0.63,0.62,0.64,0.37,0.36,0.38,,,,
2026-01-06 10:03:12.119000+00:00,2026-01-06 10:03:12.354564+00:00,192.119,0.625,0.62,0.63,0.375,0.37,0.38,,,,
2026-01-06 10:03:13.043000+00:00,2026-01-06 10:03:13.355774+00:00,193.043,0.62,0.61,0.63,0.38,0.37,0.39,,,,
2026-01-06 10:03:14.083000+00:00,2026-01-06 10:03:14.355277+00:00,194.083,0.62,0.61,0.63,0.38,0.37,0.39,,,,
2026-01-06 10:03:15.130000+00:00,2026-01-06 10:03:15.376511+00:00,195.13,0.615,0.61,0.62,0.385,0.38,0.39,,,,
2026-01-06 10:03:16.156000+00:00,2026-01-06 10:03:16.388490+00:00,196.156,0.615,0.61,0.62,0.385,0.38,0.39,,,,
2026-01-06 10:03:17.148000+00:00,2026-01-06 10:03:17.388373+00:00,197.148,0.615,0.61,0.62,0.385,0.38,0.39,,,,
2026-01-06 10:03:18.009000+00:00,2026-01-06 10:03:18.405661+00:00,198.009,0.615,0.61,0.62,0.385,0.38,0.39,,,,
2026-01-06 10:03:19.174000+00:00,2026-01-06 10:03:19.407721+00:00,199.174,0.615,0.61,0.62,0.385,0.38,0.39,,,,
2026-01-06 10:03:20.061000+00:00,2026-01-06 10:03:20.421184+00:00,200.061,0.605,0.6,0.61,0.395,0.39,0.4,,,,
2026-01-06 10:03:21.037000+00:00,2026-01-06 10:03:21.421486+00:00,201.037,0.605,0.6,0.61,0.395,0.39,0.4,,,,
2026-01-06 10:03:22.166000+00:00,2026-01-06 10:03:22.421667+00:00,202.166,0.605,0.6,0.61,0.395,0.39,0.4,,,,
2026-01-06 10:03:23.189000+00:00,2026-01-06 10:03:23.421864+00:00,203.189,0.6,0.59,0.61,0.405,0.4,0.41,,,,
2026-01-06 10:03:24.181000+00:00,2026-01-06 10:03:24.432227+00:00,204.181,0.565,0.56,0.57,0.435,0.43,0.44,,,,
2026-01-06 10:03:25.210000+00:00,2026-01-06 10:03:25.454557+00:00,205.21,0.58,0.57,0.59,0.42,0.41,0.43,,,,
2026-01-06 10:03:26.982000+00:00,2026-01-06 10:03:27.484070+00:00,206.982,0.575,0.57,0.58,0.43,0.42,0.44,,,,
2026-01-06 10:03:28.182000+00:00,2026-01-06 10:03:28.488148+00:00,208.182,0.565,0.56,0.57,0.435,0.43,0.44,,,,
2026-01-06 10:03:29.228000+00:00,2026-01-06 10:03:29.496756+00:00,209.228,0.575,0.57,0.58,0.425,0.42,0.43,,,,
2026-01-06 10:03:30.058000+00:00,2026-01-06 10:03:30.488488+00:00,210.058,0.575,0.57,0.58,0.425,0.42,0.43,,,,
2026-01-06 10:03:31.250000+00:00,2026-01-06 10:03:31.487746+00:00,211.25,0.575,0.57,0.58,0.425,0.42,0.43,,,,
2026-01-06 10:03:32.175000+00:00,2026-01-06 10:03:32.495511+00:00,212.175,0.5700000000000001,0.56,0.58,0.43,0.42,0.44,,,,
2026-01-06 10:03:33.263000+00:00,2026-01-06 10:03:33.505689+00:00,213.263,0.5700000000000001,0.56,0.58,0.435,0.43,0.44,,,,
2026-01-06 10:03:34.279000+00:00,2026-01-06 10:03:34.511539+00:00,214.279,0.565,0.56,0.57,0.43,0.42,0.44,,,,
2026-01-06 10:03:35.236000+00:00,2026-01-06 10:03:35.516141+00:00,215.236,0.5700000000000001,0.56,0.58,0.43,0.42,0.44,,,,
2026-01-06 10:03:36.273000+00:00,2026-01-06 10:03:36.537943+00:00,216.273,0.5700000000000001,0.56,0.58,0.43,0.42,0.44,,,,
2026-01-06 10:03:37.280000+00:00,2026-01-06 10:03:37.546044+00:00,217.28,0.5700000000000001,0.56,0.58,0.43,0.42,0.44,,,,
2026-01-06 10:03:38.228000+00:00,2026-01-06 10:03:38.549635+00:00,218.228,0.5700000000000001,0.56,0.58,0.43,0.42,0.44,,,,
2026-01-06 10:03:39.097000+00:00,2026-01-06 10:03:39.562541+00:00,219.097,0.5700000000000001,0.56,0.58,0.425,0.42,0.43,,,,
2026-01-06 10:03:40.963000+00:00,2026-01-06 10:03:41.577294+00:00,220.963,0.575,0.57,0.58,0.415,0.41,0.42,,,,
2026-01-06 10:03:42.317000+00:00,2026-01-06 10:03:42.584866+00:00,222.317,0.58,0.57,0.59,0.42,0.41,0.43,,,,
2026-01-06 10:03:43.352000+00:00,2026-01-06 10:03:43.587214+00:00,223.352,0.585,0.58,0.59,0.415,0.41,0.42,,,,
2026-01-06 10:03:44.354000+00:00,2026-01-06 10:03:44.596263+00:00,224.354,0.595,0.59,0.6,0.405,0.4,0.41,,,,
2026-01-06 10:03:45.367000+00:00,2026-01-06 10:03:45.607084+00:00,225.367,0.635,0.63,0.64,0.365,0.36,0.37,,,,
2026-01-06 10:03:46.367000+00:00,2026-01-06 10:03:46.608047+00:00,226.367,0.66,0.65,0.67,0.335,0.33,0.34,,,,
2026-01-06 10:03:47.381000+00:00,2026-01-06 10:03:47.612653+00:00,227.381,0.66,0.65,0.67,0.3399999999999999,0.33,0.35,,,,
2026-01-06 10:03:48.137000+00:00,2026-01-06 10:03:48.615007+00:00,228.137,0.655,0.65,0.66,0.345,0.34,0.35,,,,
2026-01-06 10:03:49.317000+00:00,2026-01-06 10:03:49.619688+00:00,229.317,0.655,0.65,0.66,0.345,0.34,0.35,,,,
2026-01-06 10:03:50.376000+00:00,2026-01-06 10:03:50.636054+00:00,230.376,0.665,0.66,0.67,0.335,0.33,0.34,,,,
2026-01-06 10:03:51.376000+00:00,2026-01-06 10:03:51.636626+00:00,231.376,0.665,0.66,0.67,0.335,0.33,0.34,,,,
2026-01-06 10:03:52.393000+00:00,2026-01-06 10:03:52.656019+00:00,232.393,0.66,0.65,0.67,0.3399999999999999,0.33,0.35,,,,
2026-01-06 10:03:53.280000+00:00,2026-01-06 10:03:53.670573+00:00,233.28,0.645,0.64,0.65,0.355,0.35,0.36,,,,
2026-01-06 10:03:54.468000+00:00,2026-01-06 10:03:54.686903+00:00,234.468,0.645,0.64,0.65,0.355,0.35,0.36,,,,
2026-01-06 10:03:55.425000+00:00,2026-01-06 10:03:55.708680+00:00,235.425,0.665,0.66,0.67,0.335,0.33,0.34,,,,
2026-01-06 10:03:56.381000+00:00,2026-01-06 10:03:56.718138+00:00,236.381,0.675,0.67,0.68,0.325,0.32,0.33,,,,
2026-01-06 10:03:57.454000+00:00,2026-01-06 10:03:57.734469+00:00,237.454,0.675,0.67,0.68,0.325,0.32,0.33,,,,
2026-01-06 10:03:58.471000+00:00,2026-01-06 10:03:58.753553+00:00,238.471,0.675,0.67,0.68,0.325,0.32,0.33,,,,
2026-01-06 10:03:59.435000+00:00,2026-01-06 10:03:59.754967+00:00,239.435,0.67,0.66,0.68,0.33,0.32,0.34,,,,
2026-01-06 10:04:00.476000+00:00,2026-01-06 10:04:00.753070+00:00,240.476,0.675,0.67,0.68,0.325,0.32,0.33,,,,
2026-01-06 10:04:01.421000+00:00,2026-01-06 10:04:01.770200+00:00,241.421,0.675,0.67,0.68,0.335,0.33,0.34,,,,
2026-01-06 10:04:02.414000+00:00,2026-01-06 10:04:02.768439+00:00,242.414,0.665,0.66,0.67,0.335,0.33,0.34,,,,
2026-01-06 10:04:03.548000+00:00,2026-01-06 10:04:03.785950+00:00,243.548,0.675,0.67,0.68,0.31,0.3,0.32,,,,
2026-01-06 10:04:04.528000+00:00,2026-01-06 10:04:04.785523+00:00,244.528,0.69,0.68,0.7,0.31,0.3,0.32,,,,
2026-01-06 10:04:05.450000+00:00,2026-01-06 10:04:05.793153+00:00,245.45,0.685,0.68,0.69,0.315,0.31,0.32,,,,
2026-01-06 10:04:06.427000+00:00,2026-01-06 10:04:06.821659+00:00,246.427,0.685,0.68,0.69,0.315,0.31,0.32,,,,
2026-01-06 10:04:07.579000+00:00,2026-01-06 10:04:07.830675+00:00,247.579,0.6799999999999999,0.67,0.69,0.315,0.31,0.32,,,,
2026-01-06 10:04:08.470000+00:00,2026-01-06 10:04:08.842158+00:00,248.47,0.685,0.68,0.69,0.315,0.31,0.32,,,,
2026-01-06 10:04:09.580000+00:00,2026-01-06 10:04:09.836783+00:00,249.58,0.695,0.69,0.7,0.305,0.3,0.31,,,,
2026-01-06 10:04:10.527000+00:00,2026-01-06 10:04:10.846574+00:00,250.527,0.685,0.68,0.69,0.315,0.31,0.32,,,,
2026-01-06 10:04:11.597000+00:00,2026-01-06 10:04:11.859109+00:00,251.597,0.685,0.68,0.69,0.315,0.31,0.32,,,,
2026-01-06 10:04:12.584000+00:00,2026-01-06 10:04:12.876001+00:00,252.584,0.685,0.68,0.69,0.315,0.31,0.32,,,,
2026-01-06 10:04:13.610000+00:00,2026-01-06 10:04:13.870644+00:00,253.61,0.685,0.68,0.69,0.315,0.31,0.32,,,,
2026-01-06 10:04:14.630000+00:00,2026-01-06 10:04:14.869380+00:00,254.63,0.695,0.69,0.7,0.305,0.3,0.31,,,,
2026-01-06 10:04:15.653000+00:00,2026-01-06 10:04:15.887893+00:00,255.653,0.7,0.69,0.71,0.295,0.29,0.3,,,,
2026-01-06 10:04:16.647000+00:00,2026-01-06 10:04:16.889597+00:00,256.647,0.695,0.69,0.7,0.305,0.3,0.31,,,,
2026-01-06 10:04:17.611000+00:00,2026-01-06 10:04:17.885188+00:00,257.611,0.695,0.69,0.7,0.305,0.3,0.31,,,,
2026-01-06 10:04:18.654000+00:00,2026-01-06 10:04:18.894679+00:00,258.654,0.695,0.69,0.7,0.305,0.3,0.31,,,,
2026-01-06 10:04:19.669000+00:00,2026-01-06 10:04:19.905883+00:00,259.669,0.695,0.69,0.7,0.305,0.3,0.31,,,,
2026-01-06 10:04:20.679000+00:00,2026-01-06 10:04:20.908456+00:00,260.679,0.735,0.73,0.74,0.265,0.26,0.27,,,,
2026-01-06 10:04:21.682000+00:00,2026-01-06 10:04:21.907217+00:00,261.682,0.745,0.74,0.75,0.25,0.24,0.26,,,,
2026-01-06 10:04:22.593000+00:00,2026-01-06 10:04:22.923265+00:00,262.593,0.755,0.75,0.76,0.245,0.24,0.25,,,,
2026-01-06 10:04:23.708000+00:00,2026-01-06 10:04:23.936400+00:00,263.708,0.755,0.75,0.76,0.245,0.24,0.25,,,,
2026-01-06 10:04:24.424000+00:00,2026-01-06 10:04:24.950508+00:00,264.424,0.755,0.75,0.76,0.245,0.24,0.25,,,,
2026-01-06 10:04:25.702000+00:00,2026-01-06 10:04:25.952810+00:00,265.702,0.755,0.75,0.76,0.265,0.26,0.27,,,,
2026-01-06 10:04:26.672000+00:00,2026-01-06 10:04:26.952748+00:00,266.672,0.74,0.73,0.75,0.255,0.25,0.26,,,,
2026-01-06 10:04:27.728000+00:00,2026-01-06 10:04:27.976091+00:00,267.728,0.735,0.73,0.74,0.265,0.26,0.27,,,,
2026-01-06 10:04:28.702000+00:00,2026-01-06 10:04:28.981908+00:00,268.702,0.745,0.74,0.75,0.255,0.25,0.26,,,,
2026-01-06 10:04:29.708000+00:00,2026-01-06 10:04:29.985984+00:00,269.708,0.745,0.74,0.75,0.255,0.25,0.26,,,,
2026-01-06 10:04:30.659000+00:00,2026-01-06 10:04:30.991615+00:00,270.659,0.735,0.73,0.74,0.265,0.26,0.27,,,,
2026-01-06 10:04:31.766000+00:00,2026-01-06 10:04:32.005234+00:00,271.766,0.72,0.71,0.73,0.28,0.27,0.29,,,,
2026-01-06 10:04:32.763000+00:00,2026-01-06 10:04:33.010881+00:00,272.763,0.715,0.71,0.72,0.285,0.28,0.29,,,,
2026-01-06 10:04:33.684000+00:00,2026-01-06 10:04:34.018797+00:00,273.684,0.7,0.69,0.71,0.3,0.29,0.31,,,,
2026-01-06 10:04:34.683000+00:00,2026-01-06 10:04:35.025902+00:00,274.683,0.7,0.69,0.71,0.3,0.29,0.31,,,,
2026-01-06 10:04:35.792000+00:00,2026-01-06 10:04:36.027322+00:00,275.792,0.7,0.69,0.71,0.3,0.29,0.31,,,,
2026-01-06 10:04:36.590000+00:00,2026-01-06 10:04:37.039342+00:00,276.59,0.7,0.69,0.71,0.3,0.29,0.31,,,,
2026-01-06 10:04:37.728000+00:00,2026-01-06 10:04:38.054232+00:00,277.728,0.7,0.69,0.71,0.3,0.29,0.31,,,,
2026-01-06 10:04:38.661000+00:00,2026-01-06 10:04:39.068616+00:00,278.661,0.7,0.69,0.71,0.3,0.29,0.31,,,,
2026-01-06 10:04:39.845000+00:00,2026-01-06 10:04:40.083031+00:00,279.845,0.705,0.7,0.71,0.295,0.29,0.3,,,,
2026-01-06 10:04:40.846000+00:00,2026-01-06 10:04:41.094896+00:00,280.846,0.735,0.73,0.74,0.255,0.25,0.26,,,,
2026-01-06 10:04:41.856000+00:00,2026-01-06 10:04:42.105551+00:00,281.856,0.735,0.73,0.74,0.275,0.27,0.28,,,,
2026-01-06 10:04:42.871000+00:00,2026-01-06 10:04:43.118258+00:00,282.871,0.73,0.72,0.74,0.27,0.26,0.28,,,,
2026-01-06 10:04:43.776000+00:00,2026-01-06 10:04:44.119016+00:00,283.776,0.72,0.71,0.73,0.28,0.27,0.29,,,,
2026-01-06 10:04:44.878000+00:00,2026-01-06 10:04:45.118087+00:00,284.878,0.72,0.71,0.73,0.28,0.27,0.29,,,,
2026-01-06 10:04:45.869000+00:00,2026-01-06 10:04:46.138752+00:00,285.869,0.73,0.72,0.74,0.27,0.26,0.28,,,,
2026-01-06 10:04:46.762000+00:00,2026-01-06 10:04:47.137562+00:00,286.762,0.725,0.72,0.73,0.275,0.27,0.28,,,,
2026-01-06 10:04:47.625000+00:00,2026-01-06 10:04:48.151991+00:00,287.625,0.73,0.72,0.74,0.27,0.26,0.28,,,,
2026-01-06 10:04:48.520000+00:00,2026-01-06 10:04:49.152585+00:00,288.52,0.725,0.72,0.73,0.275,0.27,0.28,,,,
2026-01-06 10:04:49.574000+00:00,2026-01-06 10:04:50.160204+00:00,289.574,0.73,0.72,0.74,0.27,0.26,0.28,,,,
2026-01-06 10:04:50.910000+00:00,2026-01-06 10:04:51.171899+00:00,290.91,0.73,0.72,0.74,0.27,0.26,0.28,,,,
2026-01-06 10:04:51.834000+00:00,2026-01-06 10:04:52.167854+00:00,291.834,0.73,0.72,0.74,0.27,0.26,0.28,,,,
2026-01-06 10:04:52.941000+00:00,2026-01-06 10:04:53.181209+00:00,292.941,0.735,0.73,0.74,0.265,0.26,0.27,,,,
2026-01-06 10:04:53.962000+00:00,2026-01-06 10:04:54.197959+00:00,293.962,0.755,0.75,0.76,0.245,0.24,0.25,,,,
2026-01-06 10:04:54.947000+00:00,2026-01-06 10:04:55.208160+00:00,294.947,0.755,0.75,0.76,0.245,0.24,0.25,,,,
2026-01-06 10:04:55.973000+00:00,2026-01-06 10:04:56.218180+00:00,295.973,0.755,0.75,0.76,0.245,0.24,0.25,,,,
2026-01-06 10:04:56.973000+00:00,2026-01-06 10:04:57.239073+00:00,296.973,0.785,0.78,0.79,0.215,0.21,0.22,,,,
2026-01-06 10:04:57.987000+00:00,2026-01-06 10:04:58.238680+00:00,297.987,0.795,0.79,0.8,0.205,0.2,0.21,,,,
2026-01-06 10:04:58.980000+00:00,2026-01-06 10:04:59.250782+00:00,298.98,0.805,0.8,0.81,0.195,0.19,0.2,,,,
2026-01-06 10:04:59.965000+00:00,2026-01-06 10:05:00.259866+00:00,299.965,0.805,0.8,0.81,0.195,0.19,0.2,,,,
2026-01-06 10:05:00.955000+00:00,2026-01-06 10:05:01.258039+00:00,300.955,0.805,0.8,0.81,0.205,0.2,0.21,,,,
2026-01-06 10:05:02.842000+00:00,2026-01-06 10:05:03.284415+00:00,302.842,0.785,0.78,0.79,0.21,0.2,0.22,,,,
2026-01-06 10:05:04.047000+00:00,2026-01-06 10:05:04.284910+00:00,304.047,0.795,0.79,0.8,0.205,0.2,0.21,,,,
2026-01-06 10:05:05.044000+00:00,2026-01-06 10:05:05.285461+00:00,305.044,0.795,0.79,0.8,0.205,0.2,0.21,,,,
2026-01-06 10:05:06.874000+00:00,2026-01-06 10:05:07.296042+00:00,306.874,0.785,0.78,0.79,0.215,0.21,0.22,,,,
2026-01-06 10:05:08.064000+00:00,2026-01-06 10:05:08.317815+00:00,308.064,0.775,0.77,0.78,0.235,0.23,0.24,,,,
2026-01-06 10:05:09.958000+00:00,2026-01-06 10:05:10.337958+00:00,309.958,0.765,0.76,0.77,0.235,0.23,0.24,,,,
2026-01-06 10:05:11.095000+00:00,2026-01-06 10:05:11.357717+00:00,311.095,0.765,0.76,0.77,0.235,0.23,0.24,,,,
2026-01-06 10:05:12.125000+00:00,2026-01-06 10:05:12.365209+00:00,312.125,0.765,0.76,0.77,0.235,0.23,0.24,,,,
2026-01-06 10:05:13.944000+00:00,2026-01-06 10:05:14.390246+00:00,313.944,0.77,0.76,0.78,0.2299999999999999,0.22,0.24,,,,
2026-01-06 10:05:14.999000+00:00,2026-01-06 10:05:15.396506+00:00,314.999,0.765,0.76,0.77,0.235,0.23,0.24,,,,
2026-01-06 10:05:16.163000+00:00,2026-01-06 10:05:16.399561+00:00,316.163,0.76,0.75,0.77,0.24,0.23,0.25,,,,
2026-01-06 10:05:17.070000+00:00,2026-01-06 10:05:17.414507+00:00,317.07,0.76,0.75,0.77,0.24,0.23,0.25,,,,
2026-01-06 10:05:18.135000+00:00,2026-01-06 10:05:18.421332+00:00,318.135,0.77,0.76,0.78,0.2299999999999999,0.22,0.24,,,,
2026-01-06 10:05:19.080000+00:00,2026-01-06 10:05:19.429402+00:00,319.08,0.77,0.76,0.78,0.2299999999999999,0.22,0.24,,,,
2026-01-06 10:05:20.174000+00:00,2026-01-06 10:05:20.434036+00:00,320.174,0.77,0.76,0.78,0.2299999999999999,0.22,0.24,,,,
2026-01-06 10:05:21.120000+00:00,2026-01-06 10:05:21.448780+00:00,321.12,0.77,0.76,0.78,0.2299999999999999,0.22,0.24,,,,
2026-01-06 10:05:22.201000+00:00,2026-01-06 10:05:22.457090+00:00,322.201,0.77,0.76,0.78,0.2299999999999999,0.22,0.24,,,,
2026-01-06 10:05:23.220000+00:00,2026-01-06 10:05:23.454122+00:00,323.22,0.76,0.75,0.77,0.24,0.23,0.25,,,,
2026-01-06 10:05:24.217000+00:00,2026-01-06 10:05:24.454650+00:00,324.217,0.765,0.76,0.77,0.235,0.23,0.24,,,,
2026-01-06 10:05:25.075000+00:00,2026-01-06 10:05:25.448411+00:00,325.075,0.765,0.76,0.77,0.235,0.23,0.24,,,,
2026-01-06 10:05:26.238000+00:00,2026-01-06 10:05:26.449748+00:00,326.238,0.765,0.76,0.77,0.235,0.23,0.24,,,,
2026-01-06 10:05:27.641000+00:00,2026-01-06 10:05:28.474642+00:00,327.641,0.765,0.76,0.77,0.235,0.23,0.24,,,,
2026-01-06 10:05:29.230000+00:00,2026-01-06 10:05:29.483308+00:00,329.23,0.765,0.76,0.77,0.24,0.23,0.25,,,,
2026-01-06 10:05:30.135000+00:00,2026-01-06 10:05:30.485289+00:00,330.135,0.76,0.75,0.77,0.24,0.23,0.25,,,,
2026-01-06 10:05:31.027000+00:00,2026-01-06 10:05:31.484997+00:00,331.027,0.76,0.75,0.77,0.24,0.23,0.25,,,,
2026-01-06 10:05:32.238000+00:00,2026-01-06 10:05:32.484842+00:00,332.238,0.765,0.76,0.77,0.225,0.22,0.23,,,,
2026-01-06 10:05:33.952000+00:00,2026-01-06 10:05:34.493492+00:00,333.952,0.77,0.76,0.78,0.2299999999999999,0.22,0.24,,,,
2026-01-06 10:05:35.267000+00:00,2026-01-06 10:05:35.504226+00:00,335.267,0.77,0.76,0.78,0.2299999999999999,0.22,0.24,,,,
2026-01-06 10:05:36.275000+00:00,2026-01-06 10:05:36.513292+00:00,336.275,0.77,0.76,0.78,0.2299999999999999,0.22,0.24,,,,
2026-01-06 10:05:37.286000+00:00,2026-01-06 10:05:37.533243+00:00,337.286,0.77,0.76,0.78,0.2299999999999999,0.22,0.24,,,,
2026-01-06 10:05:38.295000+00:00,2026-01-06 10:05:38.532574+00:00,338.295,0.775,0.77,0.78,0.225,0.22,0.23,,,,
2026-01-06 10:05:39.313000+00:00,2026-01-06 10:05:39.531778+00:00,339.313,0.775,0.77,0.78,0.225,0.22,0.23,,,,
2026-01-06 10:05:40.301000+00:00,2026-01-06 10:05:40.542741+00:00,340.301,0.785,0.78,0.79,0.215,0.21,0.22,,,,
2026-01-06 10:05:41.874000+00:00,2026-01-06 10:05:42.562869+00:00,341.874,0.785,0.78,0.79,0.215,0.21,0.22,,,,
2026-01-06 10:05:43.279000+00:00,2026-01-06 10:05:43.565552+00:00,343.279,0.785,0.78,0.79,0.215,0.21,0.22,,,,
2026-01-06 10:05:44.335000+00:00,2026-01-06 10:05:44.571807+00:00,344.335,0.785,0.78,0.79,0.215,0.21,0.22,,,,
2026-01-06 10:05:45.246000+00:00,2026-01-06 10:05:45.592194+00:00,345.246,0.775,0.77,0.78,0.225,0.22,0.23,,,,
2026-01-06 10:05:46.299000+00:00,2026-01-06 10:05:46.611874+00:00,346.299,0.775,0.77,0.78,0.225,0.22,0.23,,,,
2026-01-06 10:05:47.349000+00:00,2026-01-06 10:05:47.615436+00:00,347.349,0.775,0.77,0.78,0.225,0.22,0.23,,,,
2026-01-06 10:05:48.305000+00:00,2026-01-06 10:05:48.605173+00:00,348.305,0.765,0.76,0.77,0.235,0.23,0.24,,,,
2026-01-06 10:05:49.394000+00:00,2026-01-06 10:05:49.613924+00:00,349.394,0.765,0.76,0.77,0.235,0.23,0.24,,,,
2026-01-06 10:05:50.274000+00:00,2026-01-06 10:05:50.615700+00:00,350.274,0.765,0.76,0.77,0.235,0.23,0.24,,,,
2026-01-06 10:05:51.884000+00:00,2026-01-06 10:05:52.632853+00:00,351.884,0.77,0.76,0.78,0.2299999999999999,0.22,0.24,,,,
2026-01-06 10:05:53.340000+00:00,2026-01-06 10:05:53.637071+00:00,353.34,0.77,0.76,0.78,0.2299999999999999,0.22,0.24,,,,
2026-01-06 10:05:54.394000+00:00,2026-01-06 10:05:54.649563+00:00,354.394,0.77,0.76,0.78,0.2299999999999999,0.22,0.24,,,,
2026-01-06 10:05:55.306000+00:00,2026-01-06 10:05:55.655316+00:00,355.306,0.77,0.76,0.78,0.2299999999999999,0.22,0.24,,,,
2026-01-06 10:05:56.431000+00:00,2026-01-06 10:05:56.676797+00:00,356.431,0.775,0.77,0.78,0.225,0.22,0.23,,,,
2026-01-06 10:05:57.437000+00:00,2026-01-06 10:05:57.684217+00:00,357.437,0.785,0.78,0.79,0.215,0.21,0.22,,,,
2026-01-06 10:05:58.436000+00:00,2026-01-06 10:05:58.695275+00:00,358.436,0.785,0.78,0.79,0.215,0.21,0.22,,,,
2026-01-06 10:05:59.466000+00:00,2026-01-06 10:05:59.702847+00:00,359.466,0.785,0.78,0.79,0.21,0.2,0.22,,,,
2026-01-06 10:06:00.458000+00:00,2026-01-06 10:06:00.698061+00:00,360.458,0.795,0.79,0.8,0.205,0.2,0.21,,,,
2026-01-06 10:06:01.458000+00:00,2026-01-06 10:06:01.699430+00:00,361.458,0.815,0.81,0.82,0.185,0.18,0.19,,,,
2026-01-06 10:06:02.405000+00:00,2026-01-06 10:06:02.701168+00:00,362.405,0.815,0.81,0.82,0.185,0.18,0.19,,,,
2026-01-06 10:06:03.472000+00:00,2026-01-06 10:06:03.713574+00:00,363.472,0.835,0.83,0.84,0.165,0.16,0.17,,,,
2026-01-06 10:06:04.481000+00:00,2026-01-06 10:06:04.718122+00:00,364.481,0.865,0.86,0.87,0.135,0.13,0.14,,,,
2026-01-06 10:06:05.443000+00:00,2026-01-06 10:06:05.729340+00:00,365.443,0.875,0.87,0.88,0.125,0.12,0.13,,,,
2026-01-06 10:06:06.488000+00:00,2026-01-06 10:06:06.727896+00:00,366.488,0.885,0.88,0.89,0.1149999999999999,0.11,0.12,,,,
2026-01-06 10:06:07.460000+00:00,2026-01-06 10:06:07.748093+00:00,367.46,0.885,0.88,0.89,0.1149999999999999,0.11,0.12,,,,
2026-01-06 10:06:08.561000+00:00,2026-01-06 10:06:08.746851+00:00,368.561,0.885,0.88,0.89,0.12,0.11,0.13,,,,
2026-01-06 10:06:09.501000+00:00,2026-01-06 10:06:09.760959+00:00,369.501,0.88,0.87,0.89,0.125,0.12,0.13,,,,
2026-01-06 10:06:10.533000+00:00,2026-01-06 10:06:10.774361+00:00,370.533,0.88,0.87,0.89,0.11,0.1,0.12,,,,
2026-01-06 10:06:11.487000+00:00,2026-01-06 10:06:11.787624+00:00,371.487,0.89,0.88,0.9,0.11,0.1,0.12,,,,
2026-01-06 10:06:12.562000+00:00,2026-01-06 10:06:12.804469+00:00,372.562,0.885,0.88,0.89,0.1149999999999999,0.11,0.12,,,,
2026-01-06 10:06:13.568000+00:00,2026-01-06 10:06:13.807817+00:00,373.568,0.895,0.89,0.9,0.105,0.1,0.11,,,,
2026-01-06 10:06:14.559000+00:00,2026-01-06 10:06:14.805522+00:00,374.559,0.885,0.88,0.89,0.1149999999999999,0.11,0.12,,,,
2026-01-06 10:06:15.591000+00:00,2026-01-06 10:06:15.813432+00:00,375.591,0.88,0.87,0.89,0.12,0.11,0.13,,,,
2026-01-06 10:06:16.587000+00:00,2026-01-06 10:06:16.823177+00:00,376.587,0.875,0.87,0.88,0.125,0.12,0.13,,,,
2026-01-06 10:06:17.572000+00:00,2026-01-06 10:06:17.833549+00:00,377.572,0.875,0.86,0.89,0.125,0.11,0.14,,,,
2026-01-06 10:06:18.609000+00:00,2026-01-06 10:06:18.849581+00:00,378.609,0.875,0.87,0.88,0.125,0.12,0.13,,,,
2026-01-06 10:06:19.444000+00:00,2026-01-06 10:06:19.868888+00:00,379.444,0.875,0.86,0.89,0.12,0.11,0.13,,,,
2026-01-06 10:06:20.613000+00:00,2026-01-06 10:06:20.873023+00:00,380.613,0.87,0.86,0.88,0.135,0.13,0.14,,,,
2026-01-06 10:06:21.625000+00:00,2026-01-06 10:06:21.886335+00:00,381.625,0.875,0.87,0.88,0.125,0.12,0.13,,,,
2026-01-06 10:06:22.659000+00:00,2026-01-06 10:06:22.898835+00:00,382.659,0.875,0.87,0.88,0.125,0.12,0.13,,,,
2026-01-06 10:06:23.540000+00:00,2026-01-06 10:06:23.900825+00:00,383.54,0.875,0.87,0.88,0.125,0.12,0.13,,,,
2026-01-06 10:06:24.665000+00:00,2026-01-06 10:06:24.897513+00:00,384.665,0.875,0.87,0.88,0.125,0.12,0.13,,,,
2026-01-06 10:06:25.641000+00:00,2026-01-06 10:06:25.895180+00:00,385.641,0.875,0.87,0.88,0.125,0.12,0.13,,,,
2026-01-06 10:06:26.643000+00:00,2026-01-06 10:06:26.902146+00:00,386.643,0.875,0.87,0.88,0.125,0.12,0.13,,,,
2026-01-06 10:06:27.659000+00:00,2026-01-06 10:06:27.901449+00:00,387.659,0.875,0.87,0.88,0.125,0.12,0.13,,,,
2026-01-06 10:06:28.526000+00:00,2026-01-06 10:06:28.905406+00:00,388.526,0.875,0.87,0.88,0.125,0.12,0.13,,,,
2026-01-06 10:06:29.484000+00:00,2026-01-06 10:06:29.922530+00:00,389.484,0.875,0.87,0.88,0.125,0.12,0.13,,,,
2026-01-06 10:06:30.652000+00:00,2026-01-06 10:06:30.937355+00:00,390.652,0.875,0.87,0.88,0.125,0.12,0.13,,,,
2026-01-06 10:06:31.664000+00:00,2026-01-06 10:06:31.928275+00:00,391.664,0.875,0.87,0.88,0.13,0.12,0.14,,,,
2026-01-06 10:06:32.664000+00:00,2026-01-06 10:06:32.936796+00:00,392.664,0.875,0.87,0.88,0.125,0.12,0.13,,,,
2026-01-06 10:06:33.703000+00:00,2026-01-06 10:06:33.936916+00:00,393.703,0.87,0.86,0.88,0.13,0.12,0.14,,,,
2026-01-06 10:06:34.718000+00:00,2026-01-06 10:06:34.947711+00:00,394.718,0.865,0.86,0.87,0.135,0.13,0.14,,,,
2026-01-06 10:06:35.698000+00:00,2026-01-06 10:06:35.944320+00:00,395.698,0.865,0.86,0.87,0.135,0.13,0.14,,,,
2026-01-06 10:06:36.603000+00:00,2026-01-06 10:06:36.953361+00:00,396.603,0.865,0.86,0.87,0.135,0.13,0.14,,,,
2026-01-06 10:06:37.720000+00:00,2026-01-06 10:06:37.959915+00:00,397.72,0.865,0.86,0.87,0.135,0.13,0.14,,,,
2026-01-06 10:06:38.686000+00:00,2026-01-06 10:06:38.976210+00:00,398.686,0.865,0.86,0.87,0.135,0.13,0.14,,,,
2026-01-06 10:06:39.732000+00:00,2026-01-06 10:06:39.987429+00:00,399.732,0.865,0.86,0.87,0.135,0.13,0.14,,,,
2026-01-06 10:06:40.716000+00:00,2026-01-06 10:06:40.992182+00:00,400.716,0.865,0.86,0.87,0.135,0.13,0.14,,,,
2026-01-06 10:06:41.759000+00:00,2026-01-06 10:06:42.000064+00:00,401.759,0.865,0.86,0.87,0.135,0.13,0.14,,,,
2026-01-06 10:06:42.755000+00:00,2026-01-06 10:06:43.005189+00:00,402.755,0.855,0.85,0.86,0.145,0.14,0.15,,,,
2026-01-06 10:06:43.371000+00:00,2026-01-06 10:06:44.020361+00:00,403.371,0.855,0.85,0.86,0.145,0.14,0.15,,,,
2026-01-06 10:06:44.769000+00:00,2026-01-06 10:06:45.015549+00:00,404.769,0.84,0.83,0.85,0.165,0.16,0.17,,,,
2026-01-06 10:06:45.764000+00:00,2026-01-06 10:06:46.008124+00:00,405.764,0.845,0.84,0.85,0.155,0.15,0.16,,,,
2026-01-06 10:06:46.759000+00:00,2026-01-06 10:06:47.003410+00:00,406.759,0.845,0.84,0.85,0.155,0.15,0.16,,,,
2026-01-06 10:06:47.744000+00:00,2026-01-06 10:06:48.000870+00:00,407.744,0.835,0.83,0.84,0.165,0.16,0.17,,,,
2026-01-06 10:06:48.746000+00:00,2026-01-06 10:06:49.008801+00:00,408.746,0.825,0.82,0.83,0.175,0.17,0.18,,,,
2026-01-06 10:06:49.721000+00:00,2026-01-06 10:06:50.021119+00:00,409.721,0.835,0.83,0.84,0.165,0.16,0.17,,,,
2026-01-06 10:06:50.721000+00:00,2026-01-06 10:06:51.044666+00:00,410.721,0.83,0.82,0.84,0.175,0.17,0.18,,,,
2026-01-06 10:06:51.804000+00:00,2026-01-06 10:06:52.058798+00:00,411.804,0.815,0.81,0.82,0.185,0.18,0.19,,,,
2026-01-06 10:06:52.732000+00:00,2026-01-06 10:06:53.063113+00:00,412.732,0.81,0.8,0.82,0.19,0.18,0.2,,,,
2026-01-06 10:06:53.819000+00:00,2026-01-06 10:06:54.066085+00:00,413.819,0.805,0.8,0.81,0.195,0.19,0.2,,,,
2026-01-06 10:06:54.855000+00:00,2026-01-06 10:06:55.095489+00:00,414.855,0.795,0.79,0.8,0.205,0.2,0.21,,,,
2026-01-06 10:06:55.862000+00:00,2026-01-06 10:06:56.115404+00:00,415.862,0.795,0.79,0.8,0.205,0.2,0.21,,,,
2026-01-06 10:06:56.860000+00:00,2026-01-06 10:06:57.117203+00:00,416.86,0.785,0.78,0.79,0.215,0.21,0.22,,,,
2026-01-06 10:06:57.894000+00:00,2026-01-06 10:06:58.135544+00:00,417.894,0.785,0.78,0.79,0.215,0.21,0.22,,,,
2026-01-06 10:06:58.902000+00:00,2026-01-06 10:06:59.144666+00:00,418.902,0.77,0.76,0.78,0.2299999999999999,0.22,0.24,,,,
2026-01-06 10:06:59.867000+00:00,2026-01-06 10:07:00.150456+00:00,419.867,0.775,0.77,0.78,0.225,0.22,0.23,,,,
2026-01-06 10:07:00.952000+00:00,2026-01-06 10:07:01.153069+00:00,420.952,0.78,0.77,0.79,0.22,0.21,0.23,,,,
2026-01-06 10:07:01.906000+00:00,2026-01-06 10:07:02.169131+00:00,421.906,0.785,0.78,0.79,0.215,0.21,0.22,,,,
2026-01-06 10:07:02.804000+00:00,2026-01-06 10:07:03.178801+00:00,422.804,0.785,0.78,0.79,0.215,0.21,0.22,,,,
2026-01-06 10:07:03.947000+00:00,2026-01-06 10:07:04.179826+00:00,423.947,0.785,0.78,0.79,0.215,0.21,0.22,,,,
2026-01-06 10:07:04.885000+00:00,2026-01-06 10:07:05.187083+00:00,424.885,0.785,0.78,0.79,0.215,0.21,0.22,,,,
2026-01-06 10:07:05.834000+00:00,2026-01-06 10:07:06.193172+00:00,425.834,0.78,0.77,0.79,0.22,0.21,0.23,,,,
2026-01-06 10:07:06.923000+00:00,2026-01-06 10:07:07.200830+00:00,426.923,0.78,0.77,0.79,0.22,0.21,0.23,,,,
2026-01-06 10:07:07.911000+00:00,2026-01-06 10:07:08.209173+00:00,427.911,0.775,0.77,0.78,0.245,0.23,0.26,,,,
2026-01-06 10:07:08.954000+00:00,2026-01-06 10:07:09.210270+00:00,428.954,0.745,0.74,0.75,0.255,0.25,0.26,,,,
2026-01-06 10:07:09.979000+00:00,2026-01-06 10:07:10.225052+00:00,429.979,0.745,0.74,0.75,0.255,0.25,0.26,,,,
2026-01-06 10:07:10.975000+00:00,2026-01-06 10:07:11.227972+00:00,430.975,0.745,0.74,0.75,0.255,0.25,0.26,,,,
2026-01-06 10:07:11.971000+00:00,2026-01-06 10:07:12.234373+00:00,431.971,0.745,0.74,0.75,0.255,0.25,0.26,,,,
2026-01-06 10:07:12.976000+00:00,2026-01-06 10:07:13.241986+00:00,432.976,0.745,0.74,0.75,0.255,0.25,0.26,,,,
2026-01-06 10:07:13.928000+00:00,2026-01-06 10:07:14.245286+00:00,433.928,0.745,0.74,0.75,0.255,0.25,0.26,,,,
2026-01-06 10:07:15.007000+00:00,2026-01-06 10:07:15.246619+00:00,435.007,0.745,0.74,0.75,0.255,0.25,0.26,,,,
2026-01-06 10:07:16.958000+00:00,2026-01-06 10:07:17.263289+00:00,436.958,0.76,0.75,0.77,0.24,0.23,0.25,,,,
2026-01-06 10:07:17.976000+00:00,2026-01-06 10:07:18.268045+00:00,437.976,0.76,0.75,0.77,0.24,0.23,0.25,,,,
2026-01-06 10:07:18.997000+00:00,2026-01-06 10:07:19.269239+00:00,438.997,0.76,0.75,0.77,0.24,0.23,0.25,,,,
2026-01-06 10:07:20.029000+00:00,2026-01-06 10:07:20.266057+00:00,440.029,0.755,0.75,0.76,0.245,0.24,0.25,,,,
2026-01-06 10:07:21.805000+00:00,2026-01-06 10:07:22.282152+00:00,441.805,0.75,0.74,0.76,0.25,0.24,0.26,,,,
2026-01-06 10:07:23.989000+00:00,2026-01-06 10:07:24.305117+00:00,443.989,0.755,0.75,0.76,0.24,0.23,0.25,,,,
2026-01-06 10:07:24.940000+00:00,2026-01-06 10:07:25.300778+00:00,444.94,0.755,0.75,0.76,0.245,0.24,0.25,,,,
2026-01-06 10:07:26.052000+00:00,2026-01-06 10:07:26.319977+00:00,446.052,0.745,0.74,0.75,0.255,0.25,0.26,,,,
2026-01-06 10:07:27.075000+00:00,2026-01-06 10:07:27.336861+00:00,447.075,0.715,0.71,0.72,0.285,0.28,0.29,,,,
2026-01-06 10:07:28.093000+00:00,2026-01-06 10:07:28.334639+00:00,448.093,0.715,0.71,0.72,0.285,0.28,0.29,,,,
2026-01-06 10:07:29.116000+00:00,2026-01-06 10:07:29.346013+00:00,449.116,0.715,0.71,0.72,0.285,0.28,0.29,,,,
2026-01-06 10:07:30.070000+00:00,2026-01-06 10:07:30.350461+00:00,450.07,0.735,0.73,0.74,0.265,0.26,0.27,,,,
2026-01-06 10:07:31.096000+00:00,2026-01-06 10:07:31.348665+00:00,451.096,0.735,0.73,0.74,0.27,0.26,0.28,,,,
2026-01-06 10:07:32.789000+00:00,2026-01-06 10:07:33.364035+00:00,452.789,0.735,0.73,0.74,0.265,0.26,0.27,,,,
2026-01-06 10:07:34.120000+00:00,2026-01-06 10:07:34.367030+00:00,454.12,0.725,0.72,0.73,0.275,0.27,0.28,,,,
2026-01-06 10:07:35.117000+00:00,2026-01-06 10:07:35.367814+00:00,455.117,0.745,0.74,0.75,0.255,0.25,0.26,,,,
2026-01-06 10:07:36.135000+00:00,2026-01-06 10:07:36.376770+00:00,456.135,0.785,0.78,0.79,0.21,0.2,0.22,,,,
2026-01-06 10:07:37.152000+00:00,2026-01-06 10:07:37.389930+00:00,457.152,0.8,0.79,0.81,0.205,0.2,0.21,,,,
2026-01-06 10:07:38.146000+00:00,2026-01-06 10:07:38.394021+00:00,458.146,0.795,0.79,0.8,0.205,0.2,0.21,,,,
2026-01-06 10:07:39.115000+00:00,2026-01-06 10:07:39.410399+00:00,459.115,0.795,0.79,0.8,0.205,0.2,0.21,,,,
2026-01-06 10:07:40.148000+00:00,2026-01-06 10:07:40.419111+00:00,460.148,0.795,0.79,0.8,0.205,0.2,0.21,,,,
2026-01-06 10:07:41.176000+00:00,2026-01-06 10:07:41.416373+00:00,461.176,0.78,0.77,0.79,0.225,0.22,0.23,,,,
2026-01-06 10:07:42.118000+00:00,2026-01-06 10:07:42.433207+00:00,462.118,0.775,0.77,0.78,0.225,0.22,0.23,,,,
2026-01-06 10:07:43.180000+00:00,2026-01-06 10:07:43.446351+00:00,463.18,0.775,0.77,0.78,0.225,0.22,0.23,,,,
2026-01-06 10:07:44.166000+00:00,2026-01-06 10:07:44.445177+00:00,464.166,0.795,0.79,0.8,0.205,0.2,0.21,,,,
2026-01-06 10:07:45.191000+00:00,2026-01-06 10:07:45.443930+00:00,465.191,0.795,0.79,0.8,0.19,0.18,0.2,,,,
2026-01-06 10:07:46.210000+00:00,2026-01-06 10:07:46.449516+00:00,466.21,0.805,0.8,0.81,0.195,0.19,0.2,,,,
2026-01-06 10:07:47.195000+00:00,2026-01-06 10:07:47.442862+00:00,467.195,0.805,0.8,0.81,0.195,0.19,0.2,,,,
2026-01-06 10:07:48.194000+00:00,2026-01-06 10:07:48.448274+00:00,468.194,0.765,0.76,0.77,0.245,0.23,0.26,,,,
2026-01-06 10:07:49.172000+00:00,2026-01-06 10:07:49.455577+00:00,469.172,0.755,0.75,0.76,0.245,0.24,0.25,,,,
2026-01-06 10:07:50.219000+00:00,2026-01-06 10:07:50.463006+00:00,470.219,0.755,0.75,0.76,0.245,0.24,0.25,,,,
2026-01-06 10:07:51.198000+00:00,2026-01-06 10:07:51.474908+00:00,471.198,0.735,0.73,0.74,0.265,0.26,0.27,,,,
2026-01-06 10:07:52.232000+00:00,2026-01-06 10:07:52.481306+00:00,472.232,0.75,0.74,0.76,0.24,0.23,0.25,,,,
2026-01-06 10:07:53.089000+00:00,2026-01-06 10:07:53.483158+00:00,473.089,0.77,0.76,0.78,0.2299999999999999,0.22,0.24,,,,
2026-01-06 10:07:54.940000+00:00,2026-01-06 10:07:55.512273+00:00,474.94,0.77,0.76,0.78,0.2299999999999999,0.22,0.24,,,,
2026-01-06 10:07:56.194000+00:00,2026-01-06 10:07:56.510218+00:00,476.194,0.765,0.76,0.77,0.235,0.23,0.24,,,,
2026-01-06 10:07:57.250000+00:00,2026-01-06 10:07:57.531321+00:00,477.25,0.765,0.76,0.77,0.235,0.23,0.24,,,,
2026-01-06 10:07:58.284000+00:00,2026-01-06 10:07:58.530862+00:00,478.284,0.78,0.77,0.79,0.22,0.21,0.23,,,,
2026-01-06 10:07:59.298000+00:00,2026-01-06 10:07:59.547160+00:00,479.298,0.78,0.77,0.79,0.22,0.21,0.23,,,,
2026-01-06 10:08:00.313000+00:00,2026-01-06 10:08:00.549895+00:00,480.313,0.78,0.77,0.79,0.215,0.21,0.22,,,,
2026-01-06 10:08:01.323000+00:00,2026-01-06 10:08:01.564740+00:00,481.323,0.845,0.84,0.85,0.155,0.15,0.16,,,,
2026-01-06 10:08:02.327000+00:00,2026-01-06 10:08:02.579581+00:00,482.327,0.865,0.86,0.87,0.135,0.13,0.14,,,,
2026-01-06 10:08:03.300000+00:00,2026-01-06 10:08:03.593459+00:00,483.3,0.85,0.84,0.86,0.15,0.14,0.16,,,,
2026-01-06 10:08:04.347000+00:00,2026-01-06 10:08:04.588900+00:00,484.347,0.855,0.85,0.86,0.145,0.14,0.15,,,,
2026-01-06 10:08:05.352000+00:00,2026-01-06 10:08:05.603607+00:00,485.352,0.855,0.85,0.86,0.145,0.14,0.15,,,,
2026-01-06 10:08:06.200000+00:00,2026-01-06 10:08:06.609568+00:00,486.2,0.86,0.85,0.87,0.14,0.13,0.15,,,,
2026-01-06 10:08:07.257000+00:00,2026-01-06 10:08:07.610285+00:00,487.257,0.855,0.85,0.86,0.145,0.14,0.15,,,,
2026-01-06 10:08:08.324000+00:00,2026-01-06 10:08:08.616893+00:00,488.324,0.855,0.85,0.86,0.145,0.14,0.15,,,,
2026-01-06 10:08:09.380000+00:00,2026-01-06 10:08:09.628539+00:00,489.38,0.855,0.85,0.86,0.145,0.14,0.15,,,,
2026-01-06 10:08:10.269000+00:00,2026-01-06 10:08:10.637284+00:00,490.269,0.855,0.85,0.86,0.145,0.14,0.15,,,,
2026-01-06 10:08:11.282000+00:00,2026-01-06 10:08:11.640680+00:00,491.282,0.855,0.85,0.86,0.145,0.14,0.15,,,,
2026-01-06 10:08:12.384000+00:00,2026-01-06 10:08:12.645318+00:00,492.384,0.855,0.85,0.86,0.145,0.14,0.15,,,,
2026-01-06 10:08:13.273000+00:00,2026-01-06 10:08:13.655783+00:00,493.273,0.855,0.85,0.86,0.145,0.14,0.15,,,,
2026-01-06 10:08:14.376000+00:00,2026-01-06 10:08:14.660148+00:00,494.376,0.855,0.85,0.86,0.145,0.14,0.15,,,,
2026-01-06 10:08:15.419000+00:00,2026-01-06 10:08:15.670961+00:00,495.419,0.83,0.82,0.84,0.1699999999999999,0.16,0.18,,,,
2026-01-06 10:08:16.445000+00:00,2026-01-06 10:08:16.684180+00:00,496.445,0.835,0.83,0.84,0.165,0.16,0.17,,,,
2026-01-06 10:08:17.141000+00:00,2026-01-06 10:08:17.690223+00:00,497.141,0.84,0.83,0.85,0.16,0.15,0.17,,,,
2026-01-06 10:08:18.385000+00:00,2026-01-06 10:08:18.713589+00:00,498.385,0.84,0.83,0.85,0.16,0.15,0.17,,,,
2026-01-06 10:08:19.490000+00:00,2026-01-06 10:08:19.730165+00:00,499.49,0.845,0.84,0.85,0.155,0.15,0.16,,,,
2026-01-06 10:08:20.488000+00:00,2026-01-06 10:08:20.729641+00:00,500.488,0.845,0.84,0.85,0.155,0.15,0.16,,,,
2026-01-06 10:08:21.476000+00:00,2026-01-06 10:08:21.729916+00:00,501.476,0.845,0.83,0.86,0.155,0.14,0.17,,,,
2026-01-06 10:08:22.460000+00:00,2026-01-06 10:08:22.728559+00:00,502.46,0.855,0.85,0.86,0.145,0.14,0.15,,,,
2026-01-06 10:08:23.210000+00:00,2026-01-06 10:08:23.743075+00:00,503.21,0.855,0.85,0.86,0.145,0.14,0.15,,,,
2026-01-06 10:08:24.326000+00:00,2026-01-06 10:08:24.750028+00:00,504.326,0.855,0.85,0.86,0.145,0.14,0.15,,,,
2026-01-06 10:08:25.509000+00:00,2026-01-06 10:08:25.748060+00:00,505.509,0.855,0.85,0.86,0.145,0.14,0.15,,,,
2026-01-06 10:08:26.509000+00:00,2026-01-06 10:08:26.748413+00:00,506.509,0.855,0.85,0.86,0.145,0.14,0.15,,,,
2026-01-06 10:08:27.454000+00:00,2026-01-06 10:08:27.759521+00:00,507.454,0.865,0.86,0.87,0.135,0.13,0.14,,,,
2026-01-06 10:08:28.405000+00:00,2026-01-06 10:08:28.778547+00:00,508.405,0.865,0.86,0.87,0.135,0.13,0.14,,,,
2026-01-06 10:08:29.543000+00:00,2026-01-06 10:08:29.786903+00:00,509.543,0.865,0.86,0.87,0.135,0.13,0.14,,,,
2026-01-06 10:08:30.497000+00:00,2026-01-06 10:08:30.791969+00:00,510.497,0.865,0.86,0.87,0.135,0.13,0.14,,,,
2026-01-06 10:08:31.541000+00:00,2026-01-06 10:08:31.808189+00:00,511.541,0.865,0.86,0.87,0.135,0.13,0.14,,,,
2026-01-06 10:08:32.405000+00:00,2026-01-06 10:08:32.817114+00:00,512.405,0.865,0.86,0.87,0.135,0.13,0.14,,,,
2026-01-06 10:08:33.590000+00:00,2026-01-06 10:08:33.825269+00:00,513.59,0.865,0.86,0.87,0.135,0.13,0.14,,,,
2026-01-06 10:08:34.478000+00:00,2026-01-06 10:08:36.853693+00:00,514.478,0.865,0.86,0.87,0.135,0.13,0.14,,,,
2026-01-06 10:08:37.593000+00:00,2026-01-06 10:08:37.878852+00:00,517.593,0.865,0.86,0.87,0.135,0.13,0.14,,,,
2026-01-06 10:08:38.380000+00:00,2026-01-06 10:08:38.897347+00:00,518.38,0.865,0.86,0.87,0.135,0.13,0.14,,,,
2026-01-06 10:08:39.587000+00:00,2026-01-06 10:08:39.892207+00:00,519.587,0.865,0.86,0.87,0.135,0.13,0.14,,,,
2026-01-06 10:08:40.672000+00:00,2026-01-06 10:08:40.904907+00:00,520.672,0.845,0.84,0.85,0.155,0.15,0.16,,,,
2026-01-06 10:08:41.668000+00:00,2026-01-06 10:08:41.909024+00:00,521.668,0.845,0.84,0.85,0.155,0.15,0.16,,,,
2026-01-06 10:08:42.661000+00:00,2026-01-06 10:08:42.908252+00:00,522.661,0.815,0.81,0.82,0.185,0.18,0.19,,,,
2026-01-06 10:08:43.662000+00:00,2026-01-06 10:08:43.923919+00:00,523.662,0.815,0.81,0.82,0.185,0.18,0.19,,,,
2026-01-06 10:08:44.626000+00:00,2026-01-06 10:08:44.918289+00:00,524.626,0.815,0.81,0.82,0.185,0.18,0.19,,,,
2026-01-06 10:08:45.520000+00:00,2026-01-06 10:08:45.924674+00:00,525.52,0.815,0.81,0.82,0.185,0.18,0.19,,,,
2026-01-06 10:08:46.661000+00:00,2026-01-06 10:08:46.924703+00:00,526.661,0.815,0.81,0.82,0.185,0.18,0.19,,,,
2026-01-06 10:08:47.647000+00:00,2026-01-06 10:08:47.924757+00:00,527.647,0.815,0.81,0.82,0.185,0.18,0.19,,,,
2026-01-06 10:08:48.678000+00:00,2026-01-06 10:08:48.925024+00:00,528.678,0.845,0.84,0.85,0.155,0.15,0.16,,,,
2026-01-06 10:08:49.675000+00:00,2026-01-06 10:08:49.924817+00:00,529.675,0.84,0.83,0.85,0.16,0.15,0.17,,,,
2026-01-06 10:08:50.479000+00:00,2026-01-06 10:08:50.924321+00:00,530.479,0.84,0.83,0.85,0.16,0.15,0.17,,,,
2026-01-06 10:08:51.658000+00:00,2026-01-06 10:08:51.923945+00:00,531.658,0.845,0.84,0.85,0.155,0.15,0.16,,,,
2026-01-06 10:08:52.684000+00:00,2026-01-06 10:08:52.924056+00:00,532.684,0.845,0.84,0.85,0.14,0.13,0.15,,,,
2026-01-06 10:08:53.618000+00:00,2026-01-06 10:08:53.943513+00:00,533.618,0.87,0.86,0.88,0.13,0.12,0.14,,,,
2026-01-06 10:08:54.705000+00:00,2026-01-06 10:08:54.950950+00:00,534.705,0.865,0.85,0.88,0.14,0.13,0.15,,,,
2026-01-06 10:08:55.612000+00:00,2026-01-06 10:08:55.951478+00:00,535.612,0.865,0.85,0.88,0.14,0.13,0.15,,,,
2026-01-06 10:08:56.728000+00:00,2026-01-06 10:08:56.966124+00:00,536.728,0.855,0.85,0.86,0.145,0.14,0.15,,,,
2026-01-06 10:08:57.736000+00:00,2026-01-06 10:08:57.973897+00:00,537.736,0.845,0.84,0.85,0.155,0.15,0.16,,,,
2026-01-06 10:08:58.674000+00:00,2026-01-06 10:08:58.980894+00:00,538.674,0.84,0.83,0.85,0.16,0.15,0.17,,,,
2026-01-06 10:08:59.735000+00:00,2026-01-06 10:08:59.996056+00:00,539.735,0.855,0.85,0.86,0.145,0.14,0.15,,,,
2026-01-06 10:09:00.761000+00:00,2026-01-06 10:09:00.995955+00:00,540.761,0.865,0.86,0.87,0.135,0.13,0.14,,,,
2026-01-06 10:09:01.739000+00:00,2026-01-06 10:09:02.005142+00:00,541.739,0.885,0.88,0.89,0.1149999999999999,0.11,0.12,,,,
2026-01-06 10:09:02.767000+00:00,2026-01-06 10:09:03.007996+00:00,542.767,0.895,0.89,0.9,0.105,0.1,0.11,,,,
2026-01-06 10:09:03.796000+00:00,2026-01-06 10:09:04.017291+00:00,543.796,0.89,0.88,0.9,0.105,0.09,0.12,,,,
2026-01-06 10:09:04.780000+00:00,2026-01-06 10:09:05.026283+00:00,544.78,0.895,0.88,0.91,0.1,0.09,0.11,,,,
2026-01-06 10:09:05.774000+00:00,2026-01-06 10:09:06.024762+00:00,545.774,0.9,0.89,0.91,0.1,0.09,0.11,,,,
2026-01-06 10:09:06.691000+00:00,2026-01-06 10:09:07.025483+00:00,546.691,0.905,0.9,0.91,0.095,0.09,0.1,,,,
2026-01-06 10:09:07.722000+00:00,2026-01-06 10:09:08.027707+00:00,547.722,0.905,0.9,0.91,0.095,0.09,0.1,,,,
2026-01-06 10:09:08.808000+00:00,2026-01-06 10:09:09.051824+00:00,548.808,0.895,0.89,0.9,0.105,0.1,0.11,,,,
2026-01-06 10:09:09.795000+00:00,2026-01-06 10:09:10.057727+00:00,549.795,0.895,0.89,0.9,0.105,0.1,0.11,,,,
2026-01-06 10:09:10.758000+00:00,2026-01-06 10:09:11.051644+00:00,550.758,0.895,0.89,0.9,0.105,0.1,0.11,,,,
2026-01-06 10:09:11.815000+00:00,2026-01-06 10:09:12.056602+00:00,551.815,0.895,0.89,0.9,0.105,0.1,0.11,,,,
2026-01-06 10:09:12.784000+00:00,2026-01-06 10:09:13.056599+00:00,552.784,0.895,0.89,0.9,0.105,0.1,0.11,,,,
2026-01-06 10:09:13.799000+00:00,2026-01-06 10:09:14.057623+00:00,553.799,0.895,0.89,0.9,0.1149999999999999,0.11,0.12,,,,
2026-01-06 10:09:14.632000+00:00,2026-01-06 10:09:15.073395+00:00,554.632,0.885,0.88,0.89,0.1149999999999999,0.11,0.12,,,,
2026-01-06 10:09:15.865000+00:00,2026-01-06 10:09:16.089184+00:00,555.865,0.885,0.88,0.89,0.1149999999999999,0.11,0.12,,,,
2026-01-06 10:09:16.721000+00:00,2026-01-06 10:09:17.107197+00:00,556.721,0.875,0.87,0.88,0.125,0.12,0.13,,,,
2026-01-06 10:09:17.763000+00:00,2026-01-06 10:09:18.108469+00:00,557.763,0.855,0.85,0.86,0.145,0.14,0.15,,,,
2026-01-06 10:09:18.868000+00:00,2026-01-06 10:09:19.109258+00:00,558.868,0.865,0.86,0.87,0.135,0.13,0.14,,,,
2026-01-06 10:09:19.897000+00:00,2026-01-06 10:09:20.125980+00:00,559.897,0.895,0.89,0.9,0.105,0.1,0.11,,,,
2026-01-06 10:09:20.852000+00:00,2026-01-06 10:09:21.140494+00:00,560.852,0.895,0.89,0.9,0.105,0.1,0.11,,,,
2026-01-06 10:09:21.857000+00:00,2026-01-06 10:09:22.140488+00:00,561.857,0.895,0.89,0.9,0.105,0.1,0.11,,,,
2026-01-06 10:09:22.907000+00:00,2026-01-06 10:09:23.156229+00:00,562.907,0.895,0.89,0.9,0.105,0.1,0.11,,,,
2026-01-06 10:09:23.901000+00:00,2026-01-06 10:09:24.159655+00:00,563.901,0.895,0.89,0.9,0.105,0.1,0.11,,,,
2026-01-06 10:09:24.924000+00:00,2026-01-06 10:09:25.160974+00:00,564.924,0.895,0.89,0.9,0.105,0.1,0.11,,,,
2026-01-06 10:09:25.518000+00:00,2026-01-06 10:09:26.174256+00:00,565.518,0.895,0.89,0.9,0.1,0.09,0.11,,,,
2026-01-06 10:09:26.948000+00:00,2026-01-06 10:09:27.186232+00:00,566.948,0.905,0.9,0.91,0.095,0.09,0.1,,,,
2026-01-06 10:09:27.920000+00:00,2026-01-06 10:09:28.203640+00:00,567.92,0.925,0.92,0.93,0.08,0.07,0.09,,,,
2026-01-06 10:09:28.931000+00:00,2026-01-06 10:09:29.206883+00:00,568.931,0.92,0.91,0.93,0.08,0.07,0.09,,,,
2026-01-06 10:09:29.962000+00:00,2026-01-06 10:09:30.221562+00:00,569.962,0.92,0.91,0.93,0.08,0.07,0.09,,,,
2026-01-06 10:09:30.869000+00:00,2026-01-06 10:09:31.225230+00:00,570.869,0.92,0.91,0.93,0.08,0.07,0.09,,,,
2026-01-06 10:09:31.917000+00:00,2026-01-06 10:09:32.221899+00:00,571.917,0.92,0.91,0.93,0.08,0.07,0.09,,,,
2026-01-06 10:09:33.717000+00:00,2026-01-06 10:09:34.253800+00:00,573.717,0.915,0.91,0.92,0.0849999999999999,0.08,0.09,,,,
2026-01-06 10:09:34.997000+00:00,2026-01-06 10:09:35.255720+00:00,574.997,0.915,0.91,0.92,0.0849999999999999,0.08,0.09,,,,
2026-01-06 10:09:36.717000+00:00,2026-01-06 10:09:37.289701+00:00,576.717,0.915,0.91,0.92,0.0849999999999999,0.08,0.09,,,,
2026-01-06 10:09:37.995000+00:00,2026-01-06 10:09:38.308320+00:00,577.995,0.915,0.91,0.92,0.0849999999999999,0.08,0.09,,,,
2026-01-06 10:09:38.873000+00:00,2026-01-06 10:09:39.322961+00:00,578.873,0.915,0.91,0.92,0.0849999999999999,0.08,0.09,,,,
2026-01-06 10:09:40.088000+00:00,2026-01-06 10:09:40.337727+00:00,580.088,0.915,0.91,0.92,0.0849999999999999,0.08,0.09,,,,
2026-01-06 10:09:41.049000+00:00,2026-01-06 10:09:41.335617+00:00,581.049,0.905,0.9,0.91,0.095,0.09,0.1,,,,
2026-01-06 10:09:42.101000+00:00,2026-01-06 10:09:42.338671+00:00,582.101,0.915,0.91,0.92,0.0849999999999999,0.08,0.09,,,,
2026-01-06 10:09:43.098000+00:00,2026-01-06 10:09:43.338770+00:00,583.098,0.925,0.92,0.93,0.075,0.07,0.08,,,,
2026-01-06 10:09:44.052000+00:00,2026-01-06 10:09:44.331216+00:00,584.052,0.93,0.92,0.94,0.07,0.06,0.08,,,,
2026-01-06 10:09:45.088000+00:00,2026-01-06 10:09:45.326803+00:00,585.088,0.935,0.93,0.94,0.065,0.06,0.07,,,,
2026-01-06 10:09:46.903000+00:00,2026-01-06 10:09:47.338390+00:00,586.903,0.935,0.93,0.94,0.065,0.06,0.07,,,,
2026-01-06 10:09:48.088000+00:00,2026-01-06 10:09:48.337231+00:00,588.088,0.945,0.94,0.95,0.055,0.05,0.06,,,,
2026-01-06 10:09:49.039000+00:00,2026-01-06 10:09:49.338003+00:00,589.039,0.945,0.94,0.95,0.055,0.05,0.06,,,,
2026-01-06 10:09:50+00:00,2026-01-06 10:09:50.352874+00:00,590.0,0.945,0.94,0.95,0.055,0.05,0.06,,,,
2026-01-06 10:09:51.062000+00:00,2026-01-06 10:09:51.370095+00:00,591.062,0.945,0.94,0.95,0.055,0.05,0.06,,,,
2026-01-06 10:09:52.095000+00:00,2026-01-06 10:09:52.370805+00:00,592.095,0.945,0.94,0.95,0.055,0.05,0.06,,,,
2026-01-06 10:09:53.133000+00:00,2026-01-06 10:09:53.372186+00:00,593.133,0.945,0.94,0.95,0.055,0.05,0.06,,,,
2026-01-06 10:09:54.149000+00:00,2026-01-06 10:09:54.378560+00:00,594.149,0.945,0.94,0.95,0.055,0.05,0.06,,,,
2026-01-06 10:09:55.069000+00:00,2026-01-06 10:09:55.393870+00:00,595.069,0.945,0.94,0.95,0.055,0.05,0.06,,,,
2026-01-06 10:09:56.971000+00:00,2026-01-06 10:09:57.422678+00:00,596.971,0.945,0.94,0.95,0.055,0.05,0.06,,,,
2026-01-06 10:09:58.196000+00:00,2026-01-06 10:09:58.438053+00:00,598.196,0.945,0.94,0.95,0.055,0.05,0.06,,,,
2026-01-06 10:09:59.088000+00:00,2026-01-06 10:09:59.451525+00:00,599.088,0.945,0.94,0.95,0.055,0.05,0.06,,,,
2026-01-06 10:10:00.183000+00:00,2026-01-06 10:10:00.459914+00:00,600.183,0.945,0.94,0.95,0.055,0.05,0.06,,,,
2026-01-06 10:10:01.152000+00:00,2026-01-06 10:10:01.474403+00:00,601.152,0.945,0.94,0.95,0.055,0.05,0.06,,,,
2026-01-06 10:10:02.241000+00:00,2026-01-06 10:10:02.487699+00:00,602.241,0.945,0.94,0.95,0.055,0.05,0.06,,,,
2026-01-06 10:10:03.210000+00:00,2026-01-06 10:10:03.495529+00:00,603.21,0.945,0.94,0.95,0.055,0.05,0.06,,,,
2026-01-06 10:10:04.165000+00:00,2026-01-06 10:10:04.502980+00:00,604.165,0.945,0.94,0.95,0.055,0.05,0.06,,,,
2026-01-06 10:10:05.270000+00:00,2026-01-06 10:10:05.522442+00:00,605.27,0.955,0.95,0.96,0.045,0.04,0.05,,,,
2026-01-06 10:10:06.280000+00:00,2026-01-06 10:10:06.524273+00:00,606.28,0.945,0.94,0.95,0.055,0.05,0.06,,,,
2026-01-06 10:10:07.303000+00:00,2026-01-06 10:10:07.539138+00:00,607.303,0.945,0.94,0.95,0.055,0.05,0.06,,,,
2026-01-06 10:10:08.549000+00:00,2026-01-06 10:10:09.561549+00:00,608.549,0.95,0.94,0.96,0.05,0.04,0.06,,,,
2026-01-06 10:10:10.621000+00:00,2026-01-06 10:10:11.560629+00:00,610.621,0.95,0.94,0.96,0.05,0.04,0.06,,,,
2026-01-06 10:10:12.276000+00:00,2026-01-06 10:10:12.576698+00:00,612.276,0.95,0.94,0.96,0.05,0.04,0.06,,,,
2026-01-06 10:10:13.345000+00:00,2026-01-06 10:10:13.588839+00:00,613.345,0.95,0.94,0.96,0.055,0.05,0.06,,,,
2026-01-06 10:10:14.353000+00:00,2026-01-06 10:10:14.602970+00:00,614.353,0.945,0.94,0.95,0.055,0.05,0.06,,,,
2026-01-06 10:10:15.368000+00:00,2026-01-06 10:10:15.616077+00:00,615.368,0.935,0.93,0.94,0.075,0.07,0.08,,,,
2026-01-06 10:10:16.377000+00:00,2026-01-06 10:10:16.622491+00:00,616.377,0.885,0.88,0.89,0.1149999999999999,0.11,0.12,,,,
2026-01-06 10:10:17.386000+00:00,2026-01-06 10:10:17.626753+00:00,617.386,0.885,0.88,0.89,0.1149999999999999,0.11,0.12,,,,
2026-01-06 10:10:18.295000+00:00,2026-01-06 10:10:18.638178+00:00,618.295,0.885,0.88,0.89,0.1149999999999999,0.11,0.12,,,,
2026-01-06 10:10:19.370000+00:00,2026-01-06 10:10:19.637046+00:00,619.37,0.895,0.89,0.9,0.105,0.1,0.11,,,,
2026-01-06 10:10:20.346000+00:00,2026-01-06 10:10:20.640913+00:00,620.346,0.895,0.89,0.9,0.105,0.1,0.11,,,,
2026-01-06 10:10:21.371000+00:00,2026-01-06 10:10:21.642462+00:00,621.371,0.895,0.89,0.9,0.0849999999999999,0.08,0.09,,,,
2026-01-06 10:10:22.406000+00:00,2026-01-06 10:10:22.653579+00:00,622.406,0.92,0.91,0.93,0.08,0.07,0.09,,,,
2026-01-06 10:10:23.415000+00:00,2026-01-06 10:10:23.667991+00:00,623.415,0.915,0.91,0.92,0.0849999999999999,0.08,0.09,,,,
2026-01-06 10:10:24.441000+00:00,2026-01-06 10:10:24.681703+00:00,624.441,0.905,0.9,0.91,0.095,0.09,0.1,,,,
2026-01-06 10:10:25.451000+00:00,2026-01-06 10:10:25.690454+00:00,625.451,0.905,0.9,0.91,0.09,0.08,0.1,,,,
2026-01-06 10:10:26.441000+00:00,2026-01-06 10:10:26.703171+00:00,626.441,0.91,0.9,0.92,0.095,0.09,0.1,,,,
2026-01-06 10:10:27.450000+00:00,2026-01-06 10:10:27.698636+00:00,627.45,0.885,0.88,0.89,0.12,0.11,0.13,,,,
2026-01-06 10:10:28.438000+00:00,2026-01-06 10:10:28.707090+00:00,628.438,0.875,0.87,0.88,0.125,0.12,0.13,,,,
2026-01-06 10:10:29.498000+00:00,2026-01-06 10:10:29.724918+00:00,629.498,0.88,0.87,0.89,0.12,0.11,0.13,,,,
2026-01-06 10:10:30.473000+00:00,2026-01-06 10:10:30.734402+00:00,630.473,0.88,0.87,0.89,0.11,0.09,0.13,,,,
2026-01-06 10:10:31.498000+00:00,2026-01-06 10:10:31.753397+00:00,631.498,0.895,0.89,0.9,0.095,0.09,0.1,,,,
2026-01-06 10:10:32.480000+00:00,2026-01-06 10:10:32.759511+00:00,632.48,0.925,0.92,0.93,0.075,0.07,0.08,,,,
2026-01-06 10:10:33.535000+00:00,2026-01-06 10:10:33.772257+00:00,633.535,0.925,0.92,0.93,0.075,0.07,0.08,,,,
2026-01-06 10:10:34.524000+00:00,2026-01-06 10:10:34.779046+00:00,634.524,0.925,0.92,0.93,0.075,0.07,0.08,,,,
2026-01-06 10:10:35.519000+00:00,2026-01-06 10:10:35.793538+00:00,635.519,0.925,0.92,0.93,0.07,0.06,0.08,,,,
2026-01-06 10:10:36.563000+00:00,2026-01-06 10:10:36.804005+00:00,636.563,0.935,0.93,0.94,0.065,0.06,0.07,,,,
2026-01-06 10:10:37.544000+00:00,2026-01-06 10:10:37.811050+00:00,637.544,0.945,0.94,0.95,0.055,0.05,0.06,,,,
2026-01-06 10:10:38.578000+00:00,2026-01-06 10:10:38.820199+00:00,638.578,0.945,0.94,0.95,0.055,0.05,0.06,,,,
2026-01-06 10:10:39.574000+00:00,2026-01-06 10:10:39.819724+00:00,639.574,0.945,0.94,0.95,0.055,0.05,0.06,,,,
2026-01-06 10:10:40.560000+00:00,2026-01-06 10:10:40.814756+00:00,640.56,0.955,0.95,0.96,0.045,0.04,0.05,,,,
2026-01-06 10:10:41.577000+00:00,2026-01-06 10:10:41.827732+00:00,641.577,0.955,0.95,0.96,0.045,0.04,0.05,,,,
2026-01-06 10:10:42.440000+00:00,2026-01-06 10:10:42.819230+00:00,642.44,0.955,0.95,0.96,0.045,0.04,0.05,,,,
2026-01-06 10:10:43.348000+00:00,2026-01-06 10:10:43.824763+00:00,643.348,0.955,0.95,0.96,0.045,0.04,0.05,,,,
2026-01-06 10:10:44.580000+00:00,2026-01-06 10:10:44.828734+00:00,644.58,0.955,0.95,0.96,0.045,0.04,0.05,,,,
2026-01-06 10:10:45.528000+00:00,2026-01-06 10:10:45.838119+00:00,645.528,0.955,0.95,0.96,0.045,0.04,0.05,,,,
2026-01-06 10:10:46.567000+00:00,2026-01-06 10:10:46.854130+00:00,646.567,0.955,0.95,0.96,0.045,0.04,0.05,,,,
2026-01-06 10:10:47.552000+00:00,2026-01-06 10:10:47.858007+00:00,647.552,0.955,0.95,0.96,0.045,0.04,0.05,,,,
2026-01-06 10:10:48.577000+00:00,2026-01-06 10:10:48.871904+00:00,648.577,0.96,0.95,0.97,0.04,0.03,0.05,,,,
2026-01-06 10:10:49.565000+00:00,2026-01-06 10:10:49.876881+00:00,649.565,0.965,0.96,0.97,0.035,0.03,0.04,,,,
2026-01-06 10:10:50.594000+00:00,2026-01-06 10:10:50.886882+00:00,650.594,0.965,0.96,0.97,0.035,0.03,0.04,,,,
2026-01-06 10:10:51.408000+00:00,2026-01-06 10:10:51.887409+00:00,651.408,0.965,0.96,0.97,0.035,0.03,0.04,,,,
2026-01-06 10:10:52.527000+00:00,2026-01-06 10:10:52.891828+00:00,652.527,0.965,0.96,0.97,0.035,0.03,0.04,,,,
2026-01-06 10:10:53.633000+00:00,2026-01-06 10:10:53.895572+00:00,653.633,0.965,0.96,0.97,0.035,0.03,0.04,,,,
2026-01-06 10:10:54.651000+00:00,2026-01-06 10:10:54.907333+00:00,654.651,0.945,0.94,0.95,0.055,0.05,0.06,,,,
2026-01-06 10:10:55.402000+00:00,2026-01-06 10:10:55.901633+00:00,655.402,0.96,0.95,0.97,0.04,0.03,0.05,,,,
2026-01-06 10:10:56.650000+00:00,2026-01-06 10:10:56.903291+00:00,656.65,0.955,0.95,0.96,0.045,0.04,0.05,,,,
2026-01-06 10:10:57.626000+00:00,2026-01-06 10:10:57.911544+00:00,657.626,0.955,0.95,0.96,0.045,0.04,0.05,,,,
2026-01-06 10:10:58.750000+00:00,2026-01-06 10:10:58.918726+00:00,658.75,0.955,0.95,0.96,0.045,0.04,0.05,,,,
2026-01-06 10:10:59.650000+00:00,2026-01-06 10:10:59.935608+00:00,659.65,0.955,0.95,0.96,0.045,0.04,0.05,,,,
2026-01-06 10:11:00.697000+00:00,2026-01-06 10:11:00.935874+00:00,660.697,0.955,0.95,0.96,0.045,0.04,0.05,,,,
2026-01-06 10:11:01.720000+00:00,2026-01-06 10:11:01.951785+00:00,661.72,0.955,0.95,0.96,0.045,0.04,0.05,,,,
2026-01-06 10:11:02.712000+00:00,2026-01-06 10:11:02.955319+00:00,662.712,0.965,0.96,0.97,0.035,0.03,0.04,,,,
2026-01-06 10:11:03.748000+00:00,2026-01-06 10:11:03.969338+00:00,663.748,0.97,0.96,0.98,0.03,0.02,0.04,,,,
2026-01-06 10:11:04.676000+00:00,2026-01-06 10:11:04.970888+00:00,664.676,0.975,0.97,0.98,0.025,0.02,0.03,,,,
2026-01-06 10:11:05.584000+00:00,2026-01-06 10:11:05.971915+00:00,665.584,0.965,0.95,0.98,0.035,0.02,0.05,,,,
2026-01-06 10:11:06.559000+00:00,2026-01-06 10:11:06.972947+00:00,666.559,0.96,0.95,0.97,0.04,0.03,0.05,,,,
2026-01-06 10:11:07.747000+00:00,2026-01-06 10:11:07.988310+00:00,667.747,0.965,0.96,0.97,0.025,0.02,0.03,,,,
2026-01-06 10:11:08.701000+00:00,2026-01-06 10:11:08.985120+00:00,668.701,0.975,0.97,0.98,0.025,0.02,0.03,,,,
2026-01-06 10:11:09.749000+00:00,2026-01-06 10:11:09.990587+00:00,669.749,0.975,0.97,0.98,0.025,0.02,0.03,,,,
2026-01-06 10:11:10.735000+00:00,2026-01-06 10:11:10.997392+00:00,670.735,0.975,0.97,0.98,0.025,0.02,0.03,,,,
2026-01-06 10:11:11.763000+00:00,2026-01-06 10:11:12.009517+00:00,671.763,0.975,0.97,0.98,0.025,0.02,0.03,,,,
2026-01-06 10:11:12.669000+00:00,2026-01-06 10:11:13.024243+00:00,672.669,0.975,0.97,0.98,0.025,0.02,0.03,,,,
2026-01-06 10:11:13.732000+00:00,2026-01-06 10:11:14.049288+00:00,673.732,0.975,0.97,0.98,0.025,0.02,0.03,,,,
2026-01-06 10:11:14.680000+00:00,2026-01-06 10:11:15.057313+00:00,674.68,0.975,0.97,0.98,0.025,0.02,0.03,,,,
2026-01-06 10:11:15.676000+00:00,2026-01-06 10:11:16.068756+00:00,675.676,0.985,0.98,0.99,0.015,0.01,0.02,,,,
2026-01-06 10:11:16.810000+00:00,2026-01-06 10:11:17.075528+00:00,676.81,0.985,0.98,0.99,0.015,0.01,0.02,,,,
2026-01-06 10:11:17.614000+00:00,2026-01-06 10:11:18.084909+00:00,677.614,0.985,0.98,0.99,0.015,0.01,0.02,,,,
2026-01-06 10:11:18.640000+00:00,2026-01-06 10:11:19.090205+00:00,678.64,0.985,0.98,0.99,0.015,0.01,0.02,,,,
2026-01-06 10:11:19.722000+00:00,2026-01-06 10:11:20.094950+00:00,679.722,0.985,0.98,0.99,0.015,0.01,0.02,,,,
2026-01-06 10:11:20.395000+00:00,2026-01-06 10:11:21.104319+00:00,680.395,0.985,0.98,0.99,0.015,0.01,0.02,,,,
2026-01-06 10:11:21.834000+00:00,2026-01-06 10:11:22.106998+00:00,681.834,0.985,0.98,0.99,0.015,0.01,0.02,,,,
2026-01-06 10:11:22.829000+00:00,2026-01-06 10:11:23.118698+00:00,682.829,0.985,0.98,0.99,0.015,0.01,0.02,,,,
2026-01-06 10:11:23.781000+00:00,2026-01-06 10:11:24.135427+00:00,683.781,0.985,0.98,0.99,0.015,0.01,0.02,,,,
2026-01-06 10:11:24.525000+00:00,2026-01-06 10:11:25.156079+00:00,684.525,0.985,0.98,0.99,0.015,0.01,0.02,,,,
2026-01-06 10:11:25.681000+00:00,2026-01-06 10:11:26.163907+00:00,685.681,0.985,0.98,0.99,0.015,0.01,0.02,,,,
2026-01-06 10:11:26.878000+00:00,2026-01-06 10:11:27.183677+00:00,686.878,0.985,0.98,0.99,0.015,0.01,0.02,,,,
2026-01-06 10:11:27.937000+00:00,2026-01-06 10:11:28.203616+00:00,687.937,0.985,0.98,0.99,0.015,0.01,0.02,,,,
2026-01-06 10:11:28.347000+00:00,2026-01-06 10:11:29.201132+00:00,688.347,0.985,0.98,0.99,0.015,0.01,0.02,,,,
2026-01-06 10:11:29.855000+00:00,2026-01-06 10:11:30.214122+00:00,689.855,0.985,0.98,0.99,0.015,0.01,0.02,,,,
2026-01-06 10:11:30.969000+00:00,2026-01-06 10:11:31.204683+00:00,690.969,0.985,0.98,0.99,0.015,0.01,0.02,,,,
2026-01-06 10:11:31.951000+00:00,2026-01-06 10:11:32.201069+00:00,691.951,0.985,0.98,0.99,0.015,0.01,0.02,,,,
2026-01-06 10:11:32.959000+00:00,2026-01-06 10:11:33.215790+00:00,692.959,0.985,0.98,0.99,0.015,0.01,0.02,,,,
2026-01-06 10:11:33.974000+00:00,2026-01-06 10:11:34.222149+00:00,693.974,0.985,0.98,0.99,0.015,0.01,0.02,,,,
2026-01-06 10:11:34.960000+00:00,2026-01-06 10:11:35.215622+00:00,694.96,0.985,0.98,0.99,0.015,0.01,0.02,,,,
2026-01-06 10:11:35.892000+00:00,2026-01-06 10:11:36.214436+00:00,695.892,0.985,0.98,0.99,0.015,0.01,0.02,,,,
2026-01-06 10:11:36.840000+00:00,2026-01-06 10:11:37.218289+00:00,696.84,0.985,0.98,0.99,0.015,0.01,0.02,,,,
2026-01-06 10:11:38.927000+00:00,2026-01-06 10:11:39.232771+00:00,698.927,0.985,0.98,0.99,0.015,0.01,0.02,,,,
2026-01-06 10:11:39.925000+00:00,2026-01-06 10:11:40.231344+00:00,699.925,0.99,0.99,,0.01,,0.01,,,,
2026-01-06 10:11:40.977000+00:00,2026-01-06 10:11:41.239505+00:00,700.977,0.99,0.99,,0.01,,0.01,,,,
2026-01-06 10:11:41.585000+00:00,2026-01-06 10:11:42.240686+00:00,701.585,0.99,0.99,,0.01,,0.01,,,,
2026-01-06 10:11:42.837000+00:00,2026-01-06 10:11:43.256840+00:00,702.837,0.99,0.99,,0.01,,0.01,,,,
2026-01-06 10:11:43.879000+00:00,2026-01-06 10:11:44.256093+00:00,703.879,0.99,0.99,,0.01,,0.01,,,,
2026-01-06 10:11:44.973000+00:00,2026-01-06 10:11:45.267895+00:00,704.973,0.99,0.99,,0.01,,0.01,,,,
2026-01-06 10:11:45.707000+00:00,2026-01-06 10:11:46.270038+00:00,705.707,0.99,0.99,,0.01,,0.01,,,,
2026-01-06 10:11:46.543000+00:00,2026-01-06 10:11:47.284523+00:00,706.543,0.99,0.99,,0.01,,0.01,,,,
2026-01-06 10:11:48.044000+00:00,2026-01-06 10:11:48.284240+00:00,708.044,0.99,0.99,,0.01,,0.01,,,,
2026-01-06 10:11:49.840000+00:00,2026-01-06 10:11:50.300790+00:00,709.84,0.99,0.99,,0.01,,0.01,,,,
2026-01-06 10:11:51.697000+00:00,2026-01-06 10:11:52.305623+00:00,711.697,0.99,0.99,,0.01,,0.01,,,,
2026-01-06 10:11:53.838000+00:00,2026-01-06 10:11:54.294934+00:00,713.838,0.99,0.99,,0.01,,0.01,,,,
2026-01-06 10:11:55.747000+00:00,2026-01-06 10:11:56.292961+00:00,715.747,0.99,0.99,,0.01,,0.01,,,,
2026-01-06 10:11:56.725000+00:00,2026-01-06 10:11:57.304232+00:00,716.725,0.99,0.99,,0.01,,0.01,,,,
2026-01-06 10:11:57.930000+00:00,2026-01-06 10:11:58.318815+00:00,717.93,0.985,0.98,0.99,0.015,0.01,0.02,,,,
2026-01-06 10:11:58.977000+00:00,2026-01-06 10:11:59.334181+00:00,718.977,0.99,0.99,,0.01,,0.01,,,,
2026-01-06 10:12:00.088000+00:00,2026-01-06 10:12:00.343243+00:00,720.088,0.985,0.98,0.99,0.015,0.01,0.02,,,,
2026-01-06 10:12:01.014000+00:00,2026-01-06 10:12:01.353650+00:00,721.014,0.985,0.98,0.99,0.015,0.01,0.02,,,,
2026-01-06 10:12:02.086000+00:00,2026-01-06 10:12:02.358853+00:00,722.086,0.99,0.99,,0.01,,0.01,,,,
2026-01-06 10:12:03.754000+00:00,2026-01-06 10:12:04.391025+00:00,723.754,0.99,0.99,,0.01,,0.01,,,,
2026-01-06 10:12:05.057000+00:00,2026-01-06 10:12:05.399896+00:00,725.057,0.99,0.99,,0.01,,0.01,,,,
2026-01-06 10:12:06+00:00,2026-01-06 10:12:06.408911+00:00,726.0,0.99,0.99,,0.01,,0.01,,,,
2026-01-06 10:12:07.083000+00:00,2026-01-06 10:12:07.404843+00:00,727.083,0.99,0.99,,0.01,,0.01,,,,
2026-01-06 10:12:08.711000+00:00,2026-01-06 10:12:09.416989+00:00,728.711,0.99,0.99,,0.01,,0.01,,,,
2026-01-06 10:12:10.791000+00:00,2026-01-06 10:12:11.425662+00:00,730.791,0.99,0.99,,0.01,,0.01,,,,
2026-01-06 10:12:11.976000+00:00,2026-01-06 10:12:12.440074+00:00,731.976,0.99,0.99,,0.01,,0.01,,,,
2026-01-06 10:12:12.378000+00:00,2026-01-06 10:12:13.467592+00:00,732.378,0.99,0.99,,0.01,,0.01,,,,
2026-01-06 10:12:14.258000+00:00,2026-01-06 10:12:15.471893+00:00,734.258,0.99,0.99,,0.01,,0.01,,,,
2026-01-06 10:12:15.434000+00:00,2026-01-06 10:12:18.489572+00:00,735.434,0.99,0.99,,0.01,,0.01,,,,
2026-01-06 10:12:18.986000+00:00,2026-01-06 10:12:21.482397+00:00,738.986,0.99,0.99,,0.01,,0.01,,,,
2026-01-06 10:12:21.440000+00:00,2026-01-06 10:12:23.502059+00:00,741.44,0.99,0.99,,0.01,,0.01,,,,
2026-01-06 10:12:23.637000+00:00,2026-01-06 10:12:25.533038+00:00,743.637,0.99,0.99,,0.01,,0.01,,,,
2026-01-06 10:12:26.290000+00:00,2026-01-06 10:12:26.549581+00:00,746.29,0.99,0.99,,0.01,,0.01,,,,
2026-01-06 10:12:27.166000+00:00,2026-01-06 10:12:27.558338+00:00,747.166,0.99,0.99,,0.01,,0.01,,,,
2026-01-06 10:12:28.268000+00:00,2026-01-06 10:12:28.568318+00:00,748.268,0.99,0.99,,0.01,,0.01,,,,
2026-01-06 10:12:29.170000+00:00,2026-01-06 10:12:29.583748+00:00,749.17,0.99,0.99,,0.01,,0.01,,,,
2026-01-06 10:12:30.179000+00:00,2026-01-06 10:12:30.590591+00:00,750.179,0.99,0.99,,0.01,,0.01,,,,
2026-01-06 10:12:31.182000+00:00,2026-01-06 10:12:31.598191+00:00,751.182,0.99,0.99,,0.01,,0.01,,,,
2026-01-06 10:12:32.185000+00:00,2026-01-06 10:12:32.616616+00:00,752.185,0.99,0.99,,0.01,,0.01,,,,
2026-01-06 10:12:33.923000+00:00,2026-01-06 10:12:34.630737+00:00,753.923,0.99,0.99,,0.01,,0.01,,,,
2026-01-06 10:12:34.673000+00:00,2026-01-06 10:12:35.650477+00:00,754.673,0.99,0.99,,0.01,,0.01,,,,
2026-01-06 10:12:36.183000+00:00,2026-01-06 10:12:38.648864+00:00,756.183,0.99,0.99,,0.01,,0.01,,,,
2026-01-06 10:12:39.330000+00:00,2026-01-06 10:12:39.649665+00:00,759.33,0.99,0.99,,0.01,,0.01,,,,
2026-01-06 10:12:40.182000+00:00,2026-01-06 10:12:40.671240+00:00,760.182,0.99,0.99,,0.01,,0.01,,,,
2026-01-06 10:12:41.640000+00:00,2026-01-06 10:12:42.695033+00:00,761.64,0.99,0.99,,0.01,,0.01,,,,
2026-01-06 10:12:43.054000+00:00,2026-01-06 10:12:44.714500+00:00,763.054,0.99,0.99,,0.01,,0.01,,,,
2026-01-06 10:12:45.202000+00:00,2026-01-06 10:12:45.730762+00:00,765.202,0.99,0.99,,0.01,,0.01,,,,
2026-01-06 10:12:46.203000+00:00,2026-01-06 10:12:46.749380+00:00,766.203,0.99,0.99,,0.01,,0.01,,,,
2026-01-06 10:12:47.207000+00:00,2026-01-06 10:12:47.749354+00:00,767.207,0.99,0.99,,0.01,,0.01,,,,
2026-01-06 10:12:48.209000+00:00,2026-01-06 10:12:48.748605+00:00,768.209,0.99,0.99,,0.01,,0.01,,,,
2026-01-06 10:12:49.225000+00:00,2026-01-06 10:12:49.754173+00:00,769.225,0.99,0.99,,0.01,,0.01,,,,
2026-01-06 10:12:50.225000+00:00,2026-01-06 10:12:50.771719+00:00,770.225,0.99,0.99,,0.01,,0.01,,,,
2026-01-06 10:12:51.231000+00:00,2026-01-06 10:12:51.782026+00:00,771.231,0.99,0.99,,0.01,,0.01,,,,
2026-01-06 10:12:52.538000+00:00,2026-01-06 10:12:52.799078+00:00,772.538,0.99,0.99,,0.01,,0.01,,,,
2026-01-06 10:12:53.497000+00:00,2026-01-06 10:12:53.798731+00:00,773.497,0.99,0.99,,0.01,,0.01,,,,
2026-01-06 10:12:54.360000+00:00,2026-01-06 10:12:54.806805+00:00,774.36,0.99,0.99,,0.01,,0.01,,,,
2026-01-06 10:12:55.541000+00:00,2026-01-06 10:12:55.815132+00:00,775.541,0.99,0.99,,0.01,,0.01,,,,
2026-01-06 10:12:56.141000+00:00,2026-01-06 10:12:56.820005+00:00,776.141,0.99,0.99,,0.01,,0.01,,,,
2026-01-06 10:12:57.507000+00:00,2026-01-06 10:12:57.836512+00:00,777.507,0.99,0.99,,0.01,,0.01,,,,
2026-01-06 10:12:58.834000+00:00,2026-01-06 10:12:59.848893+00:00,778.834,0.99,0.99,,0.01,,0.01,,,,
2026-01-06 10:13:00.688000+00:00,2026-01-06 10:13:01.847990+00:00,780.688,0.99,0.99,,0.01,,0.01,,,,
2026-01-06 10:13:02.278000+00:00,2026-01-06 10:13:02.865603+00:00,782.278,0.99,0.99,,0.01,,0.01,,,,
2026-01-06 10:13:03.430000+00:00,2026-01-06 10:13:03.858469+00:00,783.43,0.99,0.99,,0.01,,0.01,,,,
2026-01-06 10:13:04.330000+00:00,2026-01-06 10:13:04.867005+00:00,784.33,0.99,0.99,,0.01,,0.01,,,,
2026-01-06 10:13:05.673000+00:00,2026-01-06 10:13:06.864022+00:00,785.673,0.99,0.99,,0.01,,0.01,,,,
2026-01-06 10:13:07.802000+00:00,2026-01-06 10:13:09.901226+00:00,787.802,0.99,0.99,,0.01,,0.01,,,,
2026-01-06 10:13:10.179000+00:00,2026-01-06 10:13:11.895176+00:00,790.179,0.99,0.99,,0.01,,0.01,,,,
2026-01-06 10:13:12.106000+00:00,2026-01-06 10:13:12.905496+00:00,792.106,0.99,0.99,,0.01,,0.01,,,,
2026-01-06 10:13:13.670000+00:00,2026-01-06 10:13:14.916673+00:00,793.67,0.99,0.99,,0.01,,0.01,,,,
2026-01-06 10:13:15.615000+00:00,2026-01-06 10:13:17.937071+00:00,795.615,0.99,0.99,,0.01,,0.01,,,,
2026-01-06 10:13:18.659000+00:00,2026-01-06 10:13:18.940667+00:00,798.659,0.99,0.99,,0.01,,0.01,,,,
2026-01-06 10:13:19.381000+00:00,2026-01-06 10:13:20.955787+00:00,799.381,0.99,0.99,,0.01,,0.01,,,,
2026-01-06 10:13:21.177000+00:00,2026-01-06 10:13:21.948160+00:00,801.177,0.99,0.99,,0.01,,0.01,,,,
2026-01-06 10:13:22.652000+00:00,2026-01-06 10:13:22.949439+00:00,802.652,0.99,0.99,,0.01,,0.01,,,,
2026-01-06 10:13:23.315000+00:00,2026-01-06 10:13:23.947822+00:00,803.315,0.99,0.99,,0.01,,0.01,,,,
2026-01-06 10:13:24.500000+00:00,2026-01-06 10:13:25.951388+00:00,804.5,0.99,0.99,,0.01,,0.01,,,,
2026-01-06 10:13:26.154000+00:00,2026-01-06 10:13:30.985139+00:00,806.154,0.99,0.99,,0.01,,0.01,,,,
2026-01-06 10:13:31.160000+00:00,2026-01-06 10:13:32.981485+00:00,811.16,0.99,0.99,,0.01,,0.01,,,,
2026-01-06 10:13:32.953000+00:00,2026-01-06 10:13:33.980943+00:00,812.953,0.99,0.99,,0.01,,0.01,,,,
2026-01-06 10:13:34.482000+00:00,2026-01-06 10:13:34.982710+00:00,814.482,0.99,0.99,,0.01,,0.01,,,,
2026-01-06 10:13:35.241000+00:00,2026-01-06 10:13:37.015776+00:00,815.241,0.99,0.99,,0.01,,0.01,,,,
2026-01-06 10:13:37.280000+00:00,2026-01-06 10:13:38.014222+00:00,817.28,0.99,0.99,,0.01,,0.01,,,,
2026-01-06 10:13:38.291000+00:00,2026-01-06 10:13:39.019264+00:00,818.291,0.99,0.99,,0.01,,0.01,,,,
2026-01-06 10:13:39.792000+00:00,2026-01-06 10:13:40.032030+00:00,819.792,0.99,0.99,,0.01,,0.01,,,,
2026-01-06 10:13:40.799000+00:00,2026-01-06 10:13:42.037870+00:00,820.799,0.99,0.99,,0.01,,0.01,,,,
2026-01-06 10:13:42.806000+00:00,2026-01-06 10:13:43.040963+00:00,822.806,0.99,0.99,,0.01,,0.01,,,,
2026-01-06 10:13:43.536000+00:00,2026-01-06 10:13:44.054170+00:00,823.536,0.99,0.99,,0.01,,0.01,,,,
2026-01-06 10:13:44.801000+00:00,2026-01-06 10:13:45.051278+00:00,824.801,0.99,0.99,,0.01,,0.01,,,,
2026-01-06 10:13:45.906000+00:00,2026-01-06 10:13:47.079932+00:00,825.906,0.99,0.99,,0.01,,0.01,,,,
2026-01-06 10:13:47.565000+00:00,2026-01-06 10:13:49.083279+00:00,827.565,0.99,0.99,,0.01,,0.01,,,,
2026-01-06 10:13:49.280000+00:00,2026-01-06 10:13:50.097172+00:00,829.28,0.99,0.99,,0.01,,0.01,,,,
2026-01-06 10:13:50.688000+00:00,2026-01-06 10:13:52.105300+00:00,830.688,0.99,0.99,,0.01,,0.01,,,,
2026-01-06 10:13:52.275000+00:00,2026-01-06 10:13:53.112490+00:00,832.275,0.99,0.99,,0.01,,0.01,,,,
2026-01-06 10:13:53.663000+00:00,2026-01-06 10:13:54.102174+00:00,833.663,0.99,0.99,,0.01,,0.01,,,,
2026-01-06 10:13:54.574000+00:00,2026-01-06 10:13:55.110699+00:00,834.574,0.99,0.99,,0.01,,0.01,,,,
2026-01-06 10:13:55.536000+00:00,2026-01-06 10:13:56.113058+00:00,835.536,0.99,0.99,,0.01,,0.01,,,,
2026-01-06 10:13:56.347000+00:00,2026-01-06 10:13:57.111653+00:00,836.347,0.99,0.99,,0.01,,0.01,,,,
2026-01-06 10:13:57.741000+00:00,2026-01-06 10:13:59.129402+00:00,837.741,0.99,0.99,,0.01,,0.01,,,,
2026-01-06 10:14:00.889000+00:00,2026-01-06 10:14:01.145968+00:00,840.889,0.99,0.99,,0.01,,0.01,,,,
2026-01-06 10:14:01.624000+00:00,2026-01-06 10:14:03.148296+00:00,841.624,0.99,0.99,,0.01,,0.01,,,,
2026-01-06 10:14:03.488000+00:00,2026-01-06 10:14:04.156650+00:00,843.488,0.99,0.99,,0.01,,0.01,,,,
2026-01-06 10:14:04.569000+00:00,2026-01-06 10:14:05.152239+00:00,844.569,0.99,0.99,,0.01,,0.01,,,,
2026-01-06 10:14:05.391000+00:00,2026-01-06 10:14:06.162512+00:00,845.391,0.99,0.99,,0.01,,0.01,,,,
2026-01-06 10:14:06.625000+00:00,2026-01-06 10:14:09.190613+00:00,846.625,0.99,0.99,,0.01,,0.01,,,,
2026-01-06 10:14:09.887000+00:00,2026-01-06 10:14:11.199279+00:00,849.887,0.99,0.99,,0.01,,0.01,,,,
2026-01-06 10:14:11.144000+00:00,2026-01-06 10:14:12.225494+00:00,851.144,0.99,0.99,,0.01,,0.01,,,,
2026-01-06 10:14:12.723000+00:00,2026-01-06 10:14:14.231045+00:00,852.723,0.99,0.99,,0.01,,0.01,,,,
2026-01-06 10:14:14.932000+00:00,2026-01-06 10:14:15.245150+00:00,854.932,0.99,0.99,,0.01,,0.01,,,,
2026-01-06 10:14:15.791000+00:00,2026-01-06 10:14:16.261623+00:00,855.791,0.99,0.99,,0.01,,0.01,,,,
2026-01-06 10:14:16.161000+00:00,2026-01-06 10:14:17.283266+00:00,856.161,0.99,0.99,,0.01,,0.01,,,,
2026-01-06 10:14:17.372000+00:00,2026-01-06 10:14:18.282825+00:00,857.372,0.99,0.99,,0.01,,0.01,,,,
2026-01-06 10:14:18.875000+00:00,2026-01-06 10:14:25.318093+00:00,858.875,0.99,0.99,,0.01,,0.01,,,,
2026-01-06 10:14:25.614000+00:00,2026-01-06 10:14:26.317105+00:00,865.614,0.99,0.99,,0.01,,0.01,,,,
2026-01-06 10:14:26.876000+00:00,2026-01-06 10:14:29.333397+00:00,866.876,0.99,0.99,,0.01,,0.01,,,,
2026-01-06 10:14:30.255000+00:00,2026-01-06 10:14:31.354013+00:00,870.255,0.99,0.99,,0.01,,0.01,,,,
2026-01-06 10:14:31.659000+00:00,2026-01-06 10:14:32.351289+00:00,871.659,0.99,0.99,,0.01,,0.01,,,,
2026-01-06 10:14:32.956000+00:00,2026-01-06 10:14:33.369518+00:00,872.956,0.99,0.99,,0.01,,0.01,,,,
2026-01-06 10:14:34.638000+00:00,2026-01-06 10:14:37.398802+00:00,874.638,0.99,0.99,,0.01,,0.01,,,,
2026-01-06 10:14:37.375000+00:00,2026-01-06 10:14:39.417628+00:00,877.375,0.99,0.99,,0.01,,0.01,,,,
2026-01-06 10:14:39.791000+00:00,2026-01-06 10:14:41.434845+00:00,879.791,0.99,0.99,,0.01,,0.01,,,,
2026-01-06 10:14:41.568000+00:00,2026-01-06 10:14:42.434073+00:00,881.568,0.99,0.99,,0.01,,0.01,,,,
2026-01-06 10:14:42.776000+00:00,2026-01-06 10:14:45.464292+00:00,882.776,0.99,0.99,,0.01,,0.01,,,,
2026-01-06 10:14:46.678000+00:00,2026-01-06 10:14:47.484548+00:00,886.678,0.99,0.99,,0.01,,0.01,,,,
2026-01-06 10:14:48.135000+00:00,2026-01-06 10:14:49.501943+00:00,888.135,0.99,0.99,,0.01,,0.01,,,,
2026-01-06 10:14:49.674000+00:00,2026-01-06 10:14:50.507205+00:00,889.674,0.99,0.99,,0.01,,0.01,,,,
2026-01-06 10:14:51.043000+00:00,2026-01-06 10:14:51.509702+00:00,891.043,0.99,0.99,,0.01,,0.01,,,,
2026-01-06 10:14:52.274000+00:00,2026-01-06 10:14:52.527193+00:00,892.274,0.99,0.99,,0.01,,0.01,,,,
2026-01-06 10:14:53.079000+00:00,2026-01-06 10:14:53.534853+00:00,893.079,0.99,0.99,,0.01,,0.01,,,,
2026-01-06 10:14:54.206000+00:00,2026-01-06 10:14:54.553189+00:00,894.206,0.99,0.99,,0.01,,0.01,,,,
2026-01-06 10:14:55.233000+00:00,2026-01-06 10:14:55.565613+00:00,895.233,0.99,0.99,,0.01,,0.01,,,,
2026-01-06 10:14:56.198000+00:00,2026-01-06 10:14:56.570063+00:00,896.198,0.99,0.99,,0.01,,0.01,,,,
2026-01-06 10:14:57.462000+00:00,2026-01-06 10:14:58.575896+00:00,897.462,0.99,0.99,,0.01,,0.01,,,,
2026-01-06 10:14:59.007000+00:00,2026-01-06 10:14:59.594398+00:00,899.007,0.99,0.99,,0.01,,0.01,,,,
