timestamp,seconds,mid,bid,ask,asset
2026-01-07 08:45:00+00:00,0.0,3250.511,3250.15,3250.59,ETH
2026-01-07 08:45:01+00:00,1.0,3250.601,3250.15,3250.69,ETH
2026-01-07 08:45:02+00:00,2.0,3250.651,3250.62,3250.69,ETH
2026-01-07 08:45:03+00:00,3.0,3250.631,3250.59,3250.69,ETH
2026-01-07 08:45:04+00:00,4.0,3250.751,3250.72,3250.8,ETH
2026-01-07 08:45:05+00:00,5.0,3251.001,3250.97,3251.08,ETH
2026-01-07 08:45:06+00:00,6.0,3250.981,3250.95,3251.09,ETH
2026-01-07 08:45:07+00:00,7.0,3250.951,3250.91,3251.09,ETH
2026-01-07 08:45:08+00:00,8.0,3250.951,3250.92,3251.09,ETH
2026-01-07 08:45:09+00:00,9.0,3250.961,3250.93,3251.08,ETH
2026-01-07 08:45:10+00:00,10.0,3250.951,3250.91,3251.08,ETH
2026-01-07 08:45:11+00:00,11.0,3250.951,3250.91,3251.07,ETH
2026-01-07 08:45:12+00:00,12.0,3250.951,3250.91,3251.07,ETH
2026-01-07 08:45:13+00:00,13.0,3250.951,3250.91,3251.07,ETH
2026-01-07 08:45:14+00:00,14.0,3250.951,3250.91,3251.07,ETH
2026-01-07 08:45:15+00:00,15.0,3250.971,3250.93,3251.07,ETH
2026-01-07 08:45:16+00:00,16.0,3250.971,3250.93,3251.07,ETH
2026-01-07 08:45:17+00:00,17.0,3250.841,3250.8,3251.07,ETH
2026-01-07 08:45:18+00:00,18.0,3250.711,3250.67,3250.95,ETH
2026-01-07 08:45:19+00:00,19.0,3250.671,3250.63,3250.82,ETH
2026-01-07 08:45:20+00:00,20.0,3250.851,3250.81,3251.0,ETH
2026-01-07 08:45:21+00:00,21.0,3251.241,3251.14,3251.33,ETH
2026-01-07 08:45:22+00:00,22.0,3251.451,3251.28,3251.48,ETH
2026-01-07 08:45:23+00:00,23.0,3251.751,3251.71,3251.98,ETH
2026-01-07 08:45:24+00:00,24.0,3252.181,3251.94,3252.32,ETH
2026-01-07 08:45:25+00:00,25.0,3252.351,3252.3,3252.44,ETH
2026-01-07 08:45:26+00:00,26.0,3252.351,3252.31,3252.44,ETH
2026-01-07 08:45:27+00:00,27.0,3252.381,3252.35,3252.44,ETH
2026-01-07 08:45:28+00:00,28.0,3252.371,3252.29,3252.44,ETH
2026-01-07 08:45:29+00:00,29.0,3252.341,3252.3,3252.44,ETH
2026-01-07 08:45:30+00:00,30.0,3252.351,3252.31,3252.44,ETH
2026-01-07 08:45:31+00:00,31.0,3252.341,3252.3,3252.44,ETH
2026-01-07 08:45:32+00:00,32.0,3252.291,3252.25,3252.44,ETH
2026-01-07 08:45:33+00:00,33.0,3252.361,3252.32,3252.44,ETH
2026-01-07 08:45:34+00:00,34.0,3252.411,3252.38,3252.5,ETH
2026-01-07 08:45:35+00:00,35.0,3252.431,3252.39,3252.47,ETH
2026-01-07 08:45:36+00:00,36.0,3251.881,3251.83,3251.93,ETH
2026-01-07 08:45:37+00:00,37.0,3251.761,3251.72,3251.85,ETH
2026-01-07 08:45:38+00:00,38.0,3251.131,3251.09,3251.56,ETH
2026-01-07 08:45:39+00:00,39.0,3251.371,3251.33,3251.49,ETH
2026-01-07 08:45:40+00:00,40.0,3251.211,3251.17,3251.39,ETH
2026-01-07 08:45:41+00:00,41.0,3251.231,3251.2,3251.39,ETH
2026-01-07 08:45:42+00:00,42.0,3251.051,3251.0,3251.25,ETH
2026-01-07 08:45:43+00:00,43.0,3250.861,3250.81,3251.1,ETH
2026-01-07 08:45:44+00:00,44.0,3250.521,3250.48,3251.1,ETH
2026-01-07 08:45:45+00:00,45.0,3250.621,3250.59,3250.95,ETH
2026-01-07 08:45:46+00:00,46.0,3250.601,3250.56,3250.9,ETH
2026-01-07 08:45:47+00:00,47.0,3250.521,3250.47,3250.74,ETH
2026-01-07 08:45:49+00:00,49.0,3250.541,3250.5,3250.75,ETH
2026-01-07 08:45:50+00:00,50.0,3251.311,3251.25,3251.35,ETH
2026-01-07 08:45:51+00:00,51.0,3251.401,3251.36,3251.44,ETH
2026-01-07 08:45:52+00:00,52.0,3251.571,3251.51,3251.63,ETH
2026-01-07 08:45:53+00:00,53.0,3251.471,3251.44,3251.63,ETH
2026-01-07 08:45:54+00:00,54.0,3251.591,3251.54,3251.63,ETH
2026-01-07 08:45:55+00:00,55.0,3251.611,3251.56,3251.65,ETH
2026-01-07 08:45:56+00:00,56.0,3251.601,3251.56,3251.63,ETH
2026-01-07 08:45:57+00:00,57.0,3251.621,3251.56,3251.68,ETH
2026-01-07 08:45:58+00:00,58.0,3251.621,3251.56,3251.81,ETH
2026-01-07 08:45:59+00:00,59.0,3251.591,3251.55,3251.63,ETH
2026-01-07 08:46:00+00:00,60.0,3251.261,3251.25,3251.52,ETH
2026-01-07 08:46:01+00:00,61.0,3251.261,3251.25,3251.5,ETH
2026-01-07 08:46:02+00:00,62.0,3251.261,3251.25,3251.48,ETH
2026-01-07 08:46:03+00:00,63.0,3251.261,3251.25,3251.46,ETH
2026-01-07 08:46:04+00:00,64.0,3250.961,3250.91,3251.25,ETH
2026-01-07 08:46:05+00:00,65.0,3251.101,3251.04,3251.14,ETH
2026-01-07 08:46:06+00:00,66.0,3251.101,3251.06,3251.1,ETH
2026-01-07 08:46:07+00:00,67.0,3250.811,3250.76,3251.1,ETH
2026-01-07 08:46:08+00:00,68.0,3250.811,3250.76,3251.1,ETH
2026-01-07 08:46:09+00:00,69.0,3250.811,3250.77,3251.1,ETH
2026-01-07 08:46:10+00:00,70.0,3250.801,3250.76,3251.1,ETH
2026-01-07 08:46:11+00:00,71.0,3250.821,3250.78,3251.1,ETH
2026-01-07 08:46:12+00:00,72.0,3250.831,3250.79,3251.1,ETH
2026-01-07 08:46:13+00:00,73.0,3250.821,3250.79,3251.1,ETH
2026-01-07 08:46:14+00:00,74.0,3250.841,3250.8,3251.1,ETH
2026-01-07 08:46:15+00:00,75.0,3250.831,3250.8,3251.1,ETH
2026-01-07 08:46:16+00:00,76.0,3250.791,3250.75,3251.1,ETH
2026-01-07 08:46:17+00:00,77.0,3250.791,3250.75,3251.1,ETH
2026-01-07 08:46:18+00:00,78.0,3250.791,3250.75,3251.1,ETH
2026-01-07 08:46:19+00:00,79.0,3250.781,3250.74,3250.96,ETH
2026-01-07 08:46:20+00:00,80.0,3250.791,3250.75,3250.82,ETH
2026-01-07 08:46:21+00:00,81.0,3250.791,3250.76,3250.83,ETH
2026-01-07 08:46:22+00:00,82.0,3250.781,3250.73,3250.83,ETH
2026-01-07 08:46:23+00:00,83.0,3250.771,3250.73,3250.82,ETH
2026-01-07 08:46:24+00:00,84.0,3250.851,3250.81,3250.95,ETH
2026-01-07 08:46:25+00:00,85.0,3250.881,3250.84,3251.08,ETH
2026-01-07 08:46:26+00:00,86.0,3250.871,3250.84,3251.07,ETH
2026-01-07 08:46:27+00:00,87.0,3250.951,3250.92,3251.07,ETH
2026-01-07 08:46:28+00:00,88.0,3251.031,3251.0,3251.07,ETH
2026-01-07 08:46:29+00:00,89.0,3251.031,3250.99,3251.07,ETH
2026-01-07 08:46:30+00:00,90.0,3250.991,3250.95,3251.06,ETH
2026-01-07 08:46:31+00:00,91.0,3251.091,3251.06,3251.16,ETH
2026-01-07 08:46:32+00:00,92.0,3251.231,3251.21,3251.31,ETH
2026-01-07 08:46:33+00:00,93.0,3251.241,3251.24,3251.38,ETH
2026-01-07 08:46:34+00:00,94.0,3251.521,3251.45,3251.61,ETH
2026-01-07 08:46:35+00:00,95.0,3251.581,3251.55,3251.61,ETH
2026-01-07 08:46:36+00:00,96.0,3251.491,3251.49,3251.61,ETH
2026-01-07 08:46:37+00:00,97.0,3251.491,3251.49,3251.68,ETH
2026-01-07 08:46:38+00:00,98.0,3251.481,3251.47,3251.65,ETH
2026-01-07 08:46:39+00:00,99.0,3251.511,3251.5,3251.65,ETH
2026-01-07 08:46:40+00:00,100.0,3251.511,3251.5,3251.62,ETH
2026-01-07 08:46:41+00:00,101.0,3251.511,3251.5,3251.62,ETH
2026-01-07 08:46:42+00:00,102.0,3251.481,3251.45,3251.63,ETH
2026-01-07 08:46:43+00:00,103.0,3251.421,3251.39,3251.62,ETH
2026-01-07 08:46:44+00:00,104.0,3251.391,3251.38,3251.61,ETH
2026-01-07 08:46:45+00:00,105.0,3251.321,3251.32,3251.54,ETH
2026-01-07 08:46:46+00:00,106.0,3251.261,3251.24,3251.39,ETH
2026-01-07 08:46:47+00:00,107.0,3251.261,3251.23,3251.35,ETH
2026-01-07 08:46:48+00:00,108.0,3251.261,3251.23,3251.4,ETH
2026-01-07 08:46:49+00:00,109.0,3251.321,3251.27,3251.46,ETH
2026-01-07 08:46:50+00:00,110.0,3251.451,3251.36,3251.61,ETH
2026-01-07 08:46:51+00:00,111.0,3251.501,3251.45,3251.63,ETH
2026-01-07 08:46:52+00:00,112.0,3251.501,3251.5,3251.58,ETH
2026-01-07 08:46:53+00:00,113.0,3251.501,3251.5,3251.58,ETH
2026-01-07 08:46:54+00:00,114.0,3251.501,3251.5,3251.6,ETH
2026-01-07 08:46:55+00:00,115.0,3251.501,3251.5,3251.63,ETH
2026-01-07 08:46:56+00:00,116.0,3251.501,3251.5,3251.64,ETH
2026-01-07 08:46:57+00:00,117.0,3251.501,3251.5,3251.64,ETH
2026-01-07 08:46:58+00:00,118.0,3251.501,3251.5,3251.67,ETH
2026-01-07 08:46:59+00:00,119.0,3251.501,3251.5,3251.67,ETH
2026-01-07 08:47:00+00:00,120.0,3251.501,3251.5,3251.74,ETH
2026-01-07 08:47:01+00:00,121.0,3251.611,3251.6,3251.7,ETH
2026-01-07 08:47:02+00:00,122.0,3251.381,3251.32,3251.62,ETH
2026-01-07 08:47:03+00:00,123.0,3251.241,3251.2,3251.33,ETH
2026-01-07 08:47:04+00:00,124.0,3251.321,3251.32,3251.48,ETH
2026-01-07 08:47:05+00:00,125.0,3251.321,3251.32,3251.5,ETH
2026-01-07 08:47:06+00:00,126.0,3251.321,3251.32,3251.48,ETH
2026-01-07 08:47:07+00:00,127.0,3251.321,3251.32,3251.43,ETH
2026-01-07 08:47:08+00:00,128.0,3251.621,3251.54,3251.67,ETH
2026-01-07 08:47:09+00:00,129.0,3251.591,3251.55,3251.64,ETH
2026-01-07 08:47:10+00:00,130.0,3251.621,3251.61,3251.71,ETH
2026-01-07 08:47:11+00:00,131.0,3251.601,3251.59,3251.75,ETH
2026-01-07 08:47:12+00:00,132.0,3251.601,3251.59,3251.78,ETH
2026-01-07 08:47:13+00:00,133.0,3251.601,3251.59,3251.78,ETH
2026-01-07 08:47:14+00:00,134.0,3251.661,3251.62,3251.76,ETH
2026-01-07 08:47:15+00:00,135.0,3251.681,3251.67,3251.83,ETH
2026-01-07 08:47:16+00:00,136.0,3251.681,3251.67,3251.79,ETH
2026-01-07 08:47:17+00:00,137.0,3251.711,3251.69,3251.88,ETH
2026-01-07 08:47:18+00:00,138.0,3251.821,3251.82,3252.02,ETH
2026-01-07 08:47:19+00:00,139.0,3251.811,3251.81,3251.97,ETH
2026-01-07 08:47:20+00:00,140.0,3251.811,3251.81,3252.03,ETH
2026-01-07 08:47:21+00:00,141.0,3252.111,3252.07,3252.25,ETH
2026-01-07 08:47:22+00:00,142.0,3252.271,3252.13,3252.44,ETH
2026-01-07 08:47:23+00:00,143.0,3252.421,3252.27,3252.53,ETH
2026-01-07 08:47:24+00:00,144.0,3252.401,3252.37,3252.44,ETH
2026-01-07 08:47:25+00:00,145.0,3252.491,3252.47,3252.64,ETH
2026-01-07 08:47:26+00:00,146.0,3252.581,3252.57,3252.84,ETH
2026-01-07 08:47:27+00:00,147.0,3252.581,3252.57,3252.85,ETH
2026-01-07 08:47:28+00:00,148.0,3252.581,3252.57,3252.83,ETH
2026-01-07 08:47:29+00:00,149.0,3252.581,3252.57,3252.78,ETH
2026-01-07 08:47:31+00:00,151.0,3252.581,3252.54,3252.62,ETH
2026-01-07 08:47:32+00:00,152.0,3252.581,3252.56,3252.71,ETH
2026-01-07 08:47:33+00:00,153.0,3252.581,3252.57,3252.79,ETH
2026-01-07 08:47:34+00:00,154.0,3252.581,3252.57,3252.79,ETH
2026-01-07 08:47:35+00:00,155.0,3252.581,3252.57,3252.87,ETH
2026-01-07 08:47:36+00:00,156.0,3252.581,3252.57,3252.94,ETH
2026-01-07 08:47:37+00:00,157.0,3252.581,3252.57,3252.99,ETH
2026-01-07 08:47:38+00:00,158.0,3252.581,3252.15,3252.8,ETH
2026-01-07 08:47:39+00:00,159.0,3252.581,3252.15,3252.88,ETH
2026-01-07 08:47:40+00:00,160.0,3252.581,3252.15,3252.96,ETH
2026-01-07 08:47:41+00:00,161.0,3252.671,3252.15,3252.82,ETH
2026-01-07 08:47:42+00:00,162.0,3252.691,3252.13,3253.0,ETH
2026-01-07 08:47:43+00:00,163.0,3252.691,3252.12,3252.99,ETH
2026-01-07 08:47:44+00:00,164.0,3252.691,3252.12,3252.98,ETH
2026-01-07 08:47:45+00:00,165.0,3252.691,3252.12,3252.91,ETH
2026-01-07 08:47:46+00:00,166.0,3252.691,3252.13,3253.02,ETH
2026-01-07 08:47:47+00:00,167.0,3252.691,3252.13,3252.96,ETH
2026-01-07 08:47:49+00:00,169.0,3252.871,3252.44,3253.09,ETH
2026-01-07 08:47:50+00:00,170.0,3253.031,3252.5,3253.09,ETH
2026-01-07 08:47:51+00:00,171.0,3253.151,3252.66,3253.2,ETH
2026-01-07 08:47:52+00:00,172.0,3253.271,3252.84,3253.32,ETH
2026-01-07 08:47:53+00:00,173.0,3253.171,3252.84,3253.36,ETH
2026-01-07 08:47:54+00:00,174.0,3253.111,3252.81,3253.37,ETH
2026-01-07 08:47:55+00:00,175.0,3252.981,3252.8,3253.25,ETH
2026-01-07 08:47:56+00:00,176.0,3252.901,3252.39,3253.05,ETH
2026-01-07 08:47:57+00:00,177.0,3252.901,3252.4,3253.14,ETH
2026-01-07 08:47:58+00:00,178.0,3253.011,3252.62,3253.11,ETH
2026-01-07 08:47:59+00:00,179.0,3253.021,3252.66,3253.1,ETH
2026-01-07 08:48:00+00:00,180.0,3253.101,3252.66,3253.17,ETH
2026-01-07 08:48:01+00:00,181.0,3253.101,3252.66,3253.19,ETH
2026-01-07 08:48:02+00:00,182.0,3253.101,3252.66,3253.18,ETH
2026-01-07 08:48:03+00:00,183.0,3253.101,3252.66,3253.18,ETH
2026-01-07 08:48:04+00:00,184.0,3253.101,3252.63,3253.19,ETH
2026-01-07 08:48:05+00:00,185.0,3253.051,3252.64,3253.1,ETH
2026-01-07 08:48:06+00:00,186.0,3253.061,3252.57,3253.1,ETH
2026-01-07 08:48:07+00:00,187.0,3253.011,3252.55,3253.1,ETH
2026-01-07 08:48:08+00:00,188.0,3252.881,3252.51,3253.09,ETH
2026-01-07 08:48:09+00:00,189.0,3252.881,3252.52,3253.1,ETH
2026-01-07 08:48:10+00:00,190.0,3252.881,3252.54,3253.05,ETH
2026-01-07 08:48:11+00:00,191.0,3252.881,3252.52,3253.06,ETH
2026-01-07 08:48:12+00:00,192.0,3252.881,3252.52,3253.06,ETH
2026-01-07 08:48:13+00:00,193.0,3252.911,3252.52,3253.08,ETH
2026-01-07 08:48:14+00:00,194.0,3252.911,3252.53,3253.1,ETH
2026-01-07 08:48:15+00:00,195.0,3252.911,3252.53,3253.1,ETH
2026-01-07 08:48:16+00:00,196.0,3252.911,3252.52,3253.06,ETH
2026-01-07 08:48:17+00:00,197.0,3252.911,3252.54,3253.06,ETH
2026-01-07 08:48:18+00:00,198.0,3252.911,3252.54,3253.07,ETH
2026-01-07 08:48:19+00:00,199.0,3252.911,3252.54,3253.08,ETH
2026-01-07 08:48:20+00:00,200.0,3252.911,3252.54,3253.08,ETH
2026-01-07 08:48:21+00:00,201.0,3252.911,3252.54,3253.04,ETH
2026-01-07 08:48:22+00:00,202.0,3252.561,3252.46,3252.6,ETH
2026-01-07 08:48:23+00:00,203.0,3252.461,3252.06,3252.5,ETH
2026-01-07 08:48:24+00:00,204.0,3252.461,3252.04,3252.54,ETH
2026-01-07 08:48:25+00:00,205.0,3252.451,3252.06,3252.63,ETH
2026-01-07 08:48:26+00:00,206.0,3252.451,3252.06,3252.5,ETH
2026-01-07 08:48:27+00:00,207.0,3252.451,3252.06,3252.52,ETH
2026-01-07 08:48:28+00:00,208.0,3252.391,3252.06,3252.46,ETH
2026-01-07 08:48:29+00:00,209.0,3252.451,3252.02,3252.49,ETH
2026-01-07 08:48:30+00:00,210.0,3252.351,3252.02,3252.46,ETH
2026-01-07 08:48:31+00:00,211.0,3252.151,3251.67,3252.33,ETH
2026-01-07 08:48:32+00:00,212.0,3252.151,3251.66,3252.32,ETH
2026-01-07 08:48:33+00:00,213.0,3252.071,3251.57,3252.28,ETH
2026-01-07 08:48:34+00:00,214.0,3252.061,3251.57,3252.27,ETH
2026-01-07 08:48:35+00:00,215.0,3252.031,3251.57,3252.25,ETH
2026-01-07 08:48:37+00:00,217.0,3252.001,3251.57,3252.11,ETH
2026-01-07 08:48:38+00:00,218.0,3252.001,3251.57,3252.18,ETH
2026-01-07 08:48:39+00:00,219.0,3252.001,3251.56,3252.09,ETH
2026-01-07 08:48:40+00:00,220.0,3252.001,3251.58,3252.1,ETH
2026-01-07 08:48:41+00:00,221.0,3252.001,3251.58,3252.1,ETH
2026-01-07 08:48:42+00:00,222.0,3251.871,3251.38,3252.01,ETH
2026-01-07 08:48:43+00:00,223.0,3251.911,3251.38,3252.01,ETH
2026-01-07 08:48:44+00:00,224.0,3251.711,3251.36,3252.06,ETH
2026-01-07 08:48:45+00:00,225.0,3251.711,3251.35,3251.98,ETH
2026-01-07 08:48:46+00:00,226.0,3251.711,3251.35,3252.06,ETH
2026-01-07 08:48:47+00:00,227.0,3251.841,3251.47,3252.07,ETH
2026-01-07 08:48:48+00:00,228.0,3251.841,3251.46,3252.06,ETH
2026-01-07 08:48:49+00:00,229.0,3251.841,3251.46,3252.09,ETH
2026-01-07 08:48:50+00:00,230.0,3251.841,3251.46,3252.04,ETH
2026-01-07 08:48:51+00:00,231.0,3251.841,3251.46,3252.04,ETH
2026-01-07 08:48:52+00:00,232.0,3251.841,3251.47,3252.03,ETH
2026-01-07 08:48:53+00:00,233.0,3251.841,3251.47,3252.09,ETH
2026-01-07 08:48:54+00:00,234.0,3251.841,3251.47,3252.03,ETH
2026-01-07 08:48:55+00:00,235.0,3251.841,3251.47,3252.05,ETH
2026-01-07 08:48:56+00:00,236.0,3251.841,3251.47,3252.05,ETH
2026-01-07 08:48:57+00:00,237.0,3251.841,3251.48,3252.02,ETH
2026-01-07 08:48:58+00:00,238.0,3251.841,3251.48,3252.02,ETH
2026-01-07 08:48:59+00:00,239.0,3251.841,3251.46,3252.02,ETH
2026-01-07 08:49:00+00:00,240.0,3251.841,3251.47,3252.11,ETH
2026-01-07 08:49:01+00:00,241.0,3251.841,3251.45,3252.01,ETH
2026-01-07 08:49:02+00:00,242.0,3251.841,3251.41,3252.04,ETH
2026-01-07 08:49:03+00:00,243.0,3251.851,3251.4,3252.0,ETH
2026-01-07 08:49:04+00:00,244.0,3251.851,3251.4,3251.99,ETH
2026-01-07 08:49:05+00:00,245.0,3251.851,3251.37,3251.96,ETH
2026-01-07 08:49:06+00:00,246.0,3251.821,3251.31,3251.93,ETH
2026-01-07 08:49:07+00:00,247.0,3251.701,3251.31,3251.89,ETH
2026-01-07 08:49:08+00:00,248.0,3251.701,3251.31,3251.98,ETH
2026-01-07 08:49:09+00:00,249.0,3251.711,3251.31,3251.93,ETH
2026-01-07 08:49:10+00:00,250.0,3251.701,3251.34,3251.83,ETH
2026-01-07 08:49:11+00:00,251.0,3251.701,3251.35,3251.96,ETH
2026-01-07 08:49:12+00:00,252.0,3251.701,3251.35,3251.95,ETH
2026-01-07 08:49:13+00:00,253.0,3251.701,3251.35,3252.07,ETH
2026-01-07 08:49:14+00:00,254.0,3251.701,3251.35,3252.05,ETH
2026-01-07 08:49:15+00:00,255.0,3251.701,3251.35,3251.95,ETH
2026-01-07 08:49:16+00:00,256.0,3251.701,3251.35,3251.96,ETH
2026-01-07 08:49:17+00:00,257.0,3251.701,3251.35,3251.99,ETH
2026-01-07 08:49:18+00:00,258.0,3251.701,3251.36,3252.01,ETH
2026-01-07 08:49:19+00:00,259.0,3251.701,3251.35,3251.97,ETH
2026-01-07 08:49:20+00:00,260.0,3251.701,3251.34,3252.04,ETH
2026-01-07 08:49:21+00:00,261.0,3251.701,3251.34,3252.03,ETH
2026-01-07 08:49:22+00:00,262.0,3251.811,3251.33,3252.21,ETH
2026-01-07 08:49:23+00:00,263.0,3251.811,3251.33,3252.19,ETH
2026-01-07 08:49:24+00:00,264.0,3251.811,3251.33,3252.2,ETH
2026-01-07 08:49:25+00:00,265.0,3251.811,3251.33,3252.2,ETH
2026-01-07 08:49:27+00:00,267.0,3251.821,3251.33,3252.23,ETH
2026-01-07 08:49:28+00:00,268.0,3251.821,3251.33,3252.23,ETH
2026-01-07 08:49:29+00:00,269.0,3251.821,3251.34,3252.22,ETH
2026-01-07 08:49:30+00:00,270.0,3251.821,3251.34,3252.13,ETH
2026-01-07 08:49:31+00:00,271.0,3251.821,3251.34,3252.1,ETH
2026-01-07 08:49:32+00:00,272.0,3251.701,3251.34,3251.94,ETH
2026-01-07 08:49:33+00:00,273.0,3251.701,3251.33,3251.94,ETH
2026-01-07 08:49:34+00:00,274.0,3251.781,3251.34,3251.93,ETH
2026-01-07 08:49:35+00:00,275.0,3251.781,3251.33,3252.02,ETH
2026-01-07 08:49:36+00:00,276.0,3251.781,3251.33,3252.06,ETH
2026-01-07 08:49:37+00:00,277.0,3251.781,3251.33,3251.92,ETH
2026-01-07 08:49:38+00:00,278.0,3251.781,3251.34,3251.92,ETH
2026-01-07 08:49:39+00:00,279.0,3251.781,3251.3,3252.05,ETH
2026-01-07 08:49:40+00:00,280.0,3251.781,3251.35,3252.12,ETH
2026-01-07 08:49:41+00:00,281.0,3251.781,3251.34,3252.06,ETH
2026-01-07 08:49:42+00:00,282.0,3251.781,3251.34,3251.96,ETH
2026-01-07 08:49:43+00:00,283.0,3251.781,3251.34,3252.08,ETH
2026-01-07 08:49:44+00:00,284.0,3251.781,3251.35,3251.92,ETH
2026-01-07 08:49:45+00:00,285.0,3251.781,3251.35,3252.02,ETH
2026-01-07 08:49:46+00:00,286.0,3251.781,3251.35,3251.95,ETH
2026-01-07 08:49:47+00:00,287.0,3251.781,3251.32,3251.93,ETH
2026-01-07 08:49:48+00:00,288.0,3251.741,3251.28,3251.97,ETH
2026-01-07 08:49:49+00:00,289.0,3251.621,3251.26,3251.89,ETH
2026-01-07 08:49:50+00:00,290.0,3251.531,3251.24,3251.84,ETH
2026-01-07 08:49:51+00:00,291.0,3251.531,3251.22,3251.9,ETH
2026-01-07 08:49:52+00:00,292.0,3251.531,3251.24,3251.9,ETH
2026-01-07 08:49:53+00:00,293.0,3251.551,3251.26,3251.85,ETH
2026-01-07 08:49:54+00:00,294.0,3251.571,3251.26,3251.9,ETH
2026-01-07 08:49:55+00:00,295.0,3251.581,3251.25,3251.97,ETH
2026-01-07 08:49:56+00:00,296.0,3251.561,3251.24,3251.95,ETH
2026-01-07 08:49:57+00:00,297.0,3251.551,3251.24,3252.03,ETH
2026-01-07 08:49:58+00:00,298.0,3251.551,3251.23,3252.16,ETH
2026-01-07 08:49:59+00:00,299.0,3251.591,3251.42,3252.13,ETH
2026-01-07 08:50:00+00:00,300.0,3251.681,3251.61,3252.13,ETH
2026-01-07 08:50:01+00:00,301.0,3251.861,3251.79,3252.14,ETH
2026-01-07 08:50:02+00:00,302.0,3251.981,3251.97,3252.07,ETH
2026-01-07 08:50:03+00:00,303.0,3251.981,3251.97,3252.09,ETH
2026-01-07 08:50:04+00:00,304.0,3251.981,3251.98,3252.13,ETH
2026-01-07 08:50:05+00:00,305.0,3251.981,3251.98,3252.13,ETH
2026-01-07 08:50:06+00:00,306.0,3251.981,3251.98,3252.14,ETH
2026-01-07 08:50:07+00:00,307.0,3251.981,3251.98,3252.18,ETH
2026-01-07 08:50:08+00:00,308.0,3251.981,3251.98,3252.17,ETH
2026-01-07 08:50:09+00:00,309.0,3251.981,3251.98,3252.13,ETH
2026-01-07 08:50:10+00:00,310.0,3251.981,3251.98,3252.17,ETH
2026-01-07 08:50:11+00:00,311.0,3251.981,3251.98,3252.19,ETH
2026-01-07 08:50:12+00:00,312.0,3251.981,3251.98,3252.21,ETH
2026-01-07 08:50:13+00:00,313.0,3251.981,3251.98,3252.15,ETH
2026-01-07 08:50:14+00:00,314.0,3251.921,3251.91,3252.12,ETH
2026-01-07 08:50:15+00:00,315.0,3252.441,3252.02,3252.45,ETH
2026-01-07 08:50:16+00:00,316.0,3252.491,3252.45,3252.58,ETH
2026-01-07 08:50:17+00:00,317.0,3252.481,3252.4,3252.58,ETH
2026-01-07 08:50:18+00:00,318.0,3252.571,3252.57,3252.65,ETH
2026-01-07 08:50:19+00:00,319.0,3252.571,3252.57,3252.67,ETH
2026-01-07 08:50:20+00:00,320.0,3252.571,3252.55,3252.79,ETH
2026-01-07 08:50:21+00:00,321.0,3252.571,3252.55,3252.76,ETH
2026-01-07 08:50:22+00:00,322.0,3252.571,3252.53,3252.62,ETH
2026-01-07 08:50:23+00:00,323.0,3252.511,3252.46,3252.58,ETH
2026-01-07 08:50:24+00:00,324.0,3252.571,3252.55,3252.61,ETH
2026-01-07 08:50:25+00:00,325.0,3252.571,3252.57,3252.76,ETH
2026-01-07 08:50:26+00:00,326.0,3252.571,3252.55,3252.7,ETH
2026-01-07 08:50:27+00:00,327.0,3252.651,3252.59,3252.71,ETH
2026-01-07 08:50:28+00:00,328.0,3252.691,3252.63,3252.79,ETH
2026-01-07 08:50:29+00:00,329.0,3252.651,3252.61,3252.82,ETH
2026-01-07 08:50:30+00:00,330.0,3252.671,3252.63,3252.84,ETH
2026-01-07 08:50:31+00:00,331.0,3252.711,3252.66,3252.84,ETH
2026-01-07 08:50:32+00:00,332.0,3252.741,3252.7,3252.84,ETH
2026-01-07 08:50:33+00:00,333.0,3252.751,3252.71,3252.83,ETH
2026-01-07 08:50:34+00:00,334.0,3252.731,3252.68,3252.83,ETH
2026-01-07 08:50:35+00:00,335.0,3252.751,3252.74,3252.85,ETH
2026-01-07 08:50:36+00:00,336.0,3252.751,3252.74,3252.85,ETH
2026-01-07 08:50:37+00:00,337.0,3252.751,3252.74,3252.83,ETH
2026-01-07 08:50:38+00:00,338.0,3252.751,3252.73,3252.82,ETH
2026-01-07 08:50:39+00:00,339.0,3252.751,3252.74,3252.81,ETH
2026-01-07 08:50:40+00:00,340.0,3252.751,3252.73,3252.83,ETH
2026-01-07 08:50:41+00:00,341.0,3252.751,3252.73,3252.91,ETH
2026-01-07 08:50:42+00:00,342.0,3252.751,3252.74,3252.94,ETH
2026-01-07 08:50:43+00:00,343.0,3252.751,3252.73,3252.95,ETH
2026-01-07 08:50:44+00:00,344.0,3252.751,3252.73,3252.94,ETH
2026-01-07 08:50:45+00:00,345.0,3252.751,3252.73,3252.94,ETH
2026-01-07 08:50:46+00:00,346.0,3252.741,3252.73,3252.93,ETH
2026-01-07 08:50:47+00:00,347.0,3252.741,3252.73,3252.93,ETH
2026-01-07 08:50:48+00:00,348.0,3252.741,3252.73,3252.92,ETH
2026-01-07 08:50:49+00:00,349.0,3252.741,3252.74,3252.85,ETH
2026-01-07 08:50:50+00:00,350.0,3253.041,3253.02,3253.14,ETH
2026-01-07 08:50:51+00:00,351.0,3253.321,3253.26,3253.42,ETH
2026-01-07 08:50:52+00:00,352.0,3253.481,3253.39,3253.78,ETH
2026-01-07 08:50:53+00:00,353.0,3253.851,3253.8,3253.87,ETH
2026-01-07 08:50:54+00:00,354.0,3253.781,3253.77,3253.95,ETH
2026-01-07 08:50:55+00:00,355.0,3253.331,3253.21,3253.74,ETH
2026-01-07 08:50:56+00:00,356.0,3254.001,3253.55,3254.06,ETH
2026-01-07 08:50:57+00:00,357.0,3254.031,3253.88,3254.08,ETH
2026-01-07 08:50:58+00:00,358.0,3254.101,3253.86,3254.16,ETH
2026-01-07 08:50:59+00:00,359.0,3254.371,3254.25,3254.75,ETH
2026-01-07 08:51:00+00:00,360.0,3254.931,3254.77,3255.18,ETH
2026-01-07 08:51:01+00:00,361.0,3255.151,3254.95,3255.21,ETH
2026-01-07 08:51:02+00:00,362.0,3254.721,3254.55,3254.95,ETH
2026-01-07 08:51:03+00:00,363.0,3254.781,3254.73,3255.0,ETH
2026-01-07 08:51:04+00:00,364.0,3255.361,3255.26,3255.41,ETH
2026-01-07 08:51:05+00:00,365.0,3255.601,3255.53,3255.61,ETH
2026-01-07 08:51:06+00:00,366.0,3255.581,3255.55,3255.79,ETH
2026-01-07 08:51:07+00:00,367.0,3255.811,3255.57,3256.08,ETH
2026-01-07 08:51:08+00:00,368.0,3256.271,3256.02,3256.38,ETH
2026-01-07 08:51:09+00:00,369.0,3256.871,3256.69,3256.95,ETH
2026-01-07 08:51:10+00:00,370.0,3257.031,3256.78,3257.18,ETH
2026-01-07 08:51:11+00:00,371.0,3256.781,3256.66,3257.08,ETH
2026-01-07 08:51:12+00:00,372.0,3257.041,3256.86,3257.24,ETH
2026-01-07 08:51:13+00:00,373.0,3257.801,3257.48,3257.82,ETH
2026-01-07 08:51:14+00:00,374.0,3258.001,3257.83,3258.1,ETH
2026-01-07 08:51:15+00:00,375.0,3257.681,3257.57,3257.86,ETH
2026-01-07 08:51:16+00:00,376.0,3257.431,3257.27,3257.67,ETH
2026-01-07 08:51:17+00:00,377.0,3257.151,3257.1,3257.43,ETH
2026-01-07 08:51:18+00:00,378.0,3257.101,3257.1,3257.26,ETH
2026-01-07 08:51:19+00:00,379.0,3256.951,3256.95,3257.14,ETH
2026-01-07 08:51:20+00:00,380.0,3256.981,3256.94,3257.15,ETH
2026-01-07 08:51:21+00:00,381.0,3257.191,3257.12,3257.31,ETH
2026-01-07 08:51:22+00:00,382.0,3257.331,3257.28,3257.51,ETH
2026-01-07 08:51:23+00:00,383.0,3257.421,3257.39,3257.58,ETH
2026-01-07 08:51:24+00:00,384.0,3256.891,3256.82,3257.0,ETH
2026-01-07 08:51:25+00:00,385.0,3256.281,3256.21,3256.46,ETH
2026-01-07 08:51:26+00:00,386.0,3256.171,3256.15,3256.35,ETH
2026-01-07 08:51:27+00:00,387.0,3256.111,3256.1,3256.25,ETH
2026-01-07 08:51:28+00:00,388.0,3256.411,3256.18,3256.65,ETH
2026-01-07 08:51:29+00:00,389.0,3256.921,3256.66,3257.09,ETH
2026-01-07 08:51:30+00:00,390.0,3257.061,3257.0,3257.12,ETH
2026-01-07 08:51:31+00:00,391.0,3256.911,3256.83,3256.98,ETH
2026-01-07 08:51:32+00:00,392.0,3256.721,3256.65,3256.92,ETH
2026-01-07 08:51:33+00:00,393.0,3256.781,3256.77,3257.09,ETH
2026-01-07 08:51:34+00:00,394.0,3257.081,3256.99,3257.31,ETH
2026-01-07 08:51:35+00:00,395.0,3257.451,3257.3,3257.67,ETH
2026-01-07 08:51:36+00:00,396.0,3257.691,3257.6,3257.85,ETH
2026-01-07 08:51:37+00:00,397.0,3257.721,3257.7,3257.79,ETH
2026-01-07 08:51:38+00:00,398.0,3257.711,3257.7,3257.82,ETH
2026-01-07 08:51:39+00:00,399.0,3257.651,3257.64,3257.78,ETH
2026-01-07 08:51:40+00:00,400.0,3257.591,3257.59,3257.74,ETH
2026-01-07 08:51:41+00:00,401.0,3257.331,3257.27,3257.41,ETH
2026-01-07 08:51:42+00:00,402.0,3257.011,3256.94,3257.12,ETH
2026-01-07 08:51:43+00:00,403.0,3256.961,3256.93,3257.11,ETH
2026-01-07 08:51:44+00:00,404.0,3256.961,3256.93,3257.06,ETH
2026-01-07 08:51:45+00:00,405.0,3256.741,3256.64,3256.84,ETH
2026-01-07 08:51:46+00:00,406.0,3256.281,3256.09,3256.37,ETH
2026-01-07 08:51:47+00:00,407.0,3255.741,3255.64,3255.96,ETH
2026-01-07 08:51:48+00:00,408.0,3255.461,3255.45,3255.77,ETH
2026-01-07 08:51:49+00:00,409.0,3255.461,3255.45,3255.75,ETH
2026-01-07 08:51:50+00:00,410.0,3255.461,3255.45,3255.68,ETH
2026-01-07 08:51:51+00:00,411.0,3255.241,3255.23,3255.46,ETH
2026-01-07 08:51:52+00:00,412.0,3255.021,3255.0,3255.23,ETH
2026-01-07 08:51:53+00:00,413.0,3255.011,3255.0,3255.2,ETH
2026-01-07 08:51:54+00:00,414.0,3255.011,3255.0,3255.23,ETH
2026-01-07 08:51:55+00:00,415.0,3255.011,3255.0,3255.22,ETH
2026-01-07 08:51:56+00:00,416.0,3255.011,3255.0,3255.22,ETH
2026-01-07 08:51:57+00:00,417.0,3255.011,3255.0,3255.15,ETH
2026-01-07 08:51:58+00:00,418.0,3255.011,3255.01,3255.11,ETH
2026-01-07 08:51:59+00:00,419.0,3255.021,3255.01,3255.15,ETH
2026-01-07 08:52:00+00:00,420.0,3255.021,3255.01,3255.16,ETH
2026-01-07 08:52:01+00:00,421.0,3255.021,3255.01,3255.17,ETH
2026-01-07 08:52:02+00:00,422.0,3254.881,3254.86,3255.09,ETH
2026-01-07 08:52:03+00:00,423.0,3254.751,3254.71,3255.0,ETH
2026-01-07 08:52:04+00:00,424.0,3254.911,3254.88,3255.13,ETH
2026-01-07 08:52:05+00:00,425.0,3255.121,3255.1,3255.33,ETH
2026-01-07 08:52:06+00:00,426.0,3255.221,3255.19,3255.41,ETH
2026-01-07 08:52:07+00:00,427.0,3255.331,3255.28,3255.49,ETH
2026-01-07 08:52:08+00:00,428.0,3255.431,3255.36,3255.56,ETH
2026-01-07 08:52:09+00:00,429.0,3255.491,3255.41,3255.6,ETH
2026-01-07 08:52:10+00:00,430.0,3255.891,3255.83,3255.99,ETH
2026-01-07 08:52:11+00:00,431.0,3256.121,3256.05,3256.22,ETH
2026-01-07 08:52:12+00:00,432.0,3256.151,3256.1,3256.2,ETH
2026-01-07 08:52:13+00:00,433.0,3256.201,3256.19,3256.36,ETH
2026-01-07 08:52:14+00:00,434.0,3256.201,3256.19,3256.35,ETH
2026-01-07 08:52:15+00:00,435.0,3255.811,3255.75,3255.84,ETH
2026-01-07 08:52:16+00:00,436.0,3255.601,3255.5,3255.65,ETH
2026-01-07 08:52:17+00:00,437.0,3255.311,3255.3,3255.65,ETH
2026-01-07 08:52:18+00:00,438.0,3255.261,3255.2,3255.31,ETH
2026-01-07 08:52:19+00:00,439.0,3255.431,3255.37,3255.56,ETH
2026-01-07 08:52:20+00:00,440.0,3255.431,3255.38,3255.56,ETH
2026-01-07 08:52:21+00:00,441.0,3255.471,3255.26,3255.56,ETH
2026-01-07 08:52:22+00:00,442.0,3255.601,3255.6,3255.72,ETH
2026-01-07 08:52:23+00:00,443.0,3255.601,3255.6,3255.71,ETH
2026-01-07 08:52:24+00:00,444.0,3255.601,3255.6,3255.83,ETH
2026-01-07 08:52:25+00:00,445.0,3255.601,3255.6,3255.78,ETH
2026-01-07 08:52:26+00:00,446.0,3255.601,3255.6,3255.72,ETH
2026-01-07 08:52:27+00:00,447.0,3255.481,3255.48,3255.66,ETH
2026-01-07 08:52:28+00:00,448.0,3255.481,3255.48,3255.69,ETH
2026-01-07 08:52:29+00:00,449.0,3255.481,3255.48,3255.7,ETH
2026-01-07 08:52:30+00:00,450.0,3255.491,3255.49,3255.61,ETH
2026-01-07 08:52:31+00:00,451.0,3255.491,3255.49,3255.66,ETH
2026-01-07 08:52:32+00:00,452.0,3255.491,3255.49,3255.66,ETH
2026-01-07 08:52:33+00:00,453.0,3255.491,3255.49,3255.65,ETH
2026-01-07 08:52:34+00:00,454.0,3255.491,3255.49,3255.67,ETH
2026-01-07 08:52:35+00:00,455.0,3255.491,3255.49,3255.68,ETH
2026-01-07 08:52:37+00:00,457.0,3255.481,3255.44,3255.53,ETH
2026-01-07 08:52:38+00:00,458.0,3255.481,3255.43,3255.53,ETH
2026-01-07 08:52:39+00:00,459.0,3255.491,3255.49,3255.8,ETH
2026-01-07 08:52:40+00:00,460.0,3255.491,3255.49,3255.77,ETH
2026-01-07 08:52:41+00:00,461.0,3255.491,3255.49,3255.76,ETH
2026-01-07 08:52:42+00:00,462.0,3255.741,3255.73,3256.11,ETH
2026-01-07 08:52:43+00:00,463.0,3255.961,3255.94,3256.26,ETH
2026-01-07 08:52:44+00:00,464.0,3256.001,3255.95,3256.23,ETH
2026-01-07 08:52:45+00:00,465.0,3255.821,3255.82,3256.29,ETH
2026-01-07 08:52:46+00:00,466.0,3255.821,3255.82,3256.12,ETH
2026-01-07 08:52:47+00:00,467.0,3255.821,3255.81,3255.9,ETH
2026-01-07 08:52:48+00:00,468.0,3255.821,3255.82,3256.23,ETH
2026-01-07 08:52:49+00:00,469.0,3255.841,3255.83,3256.11,ETH
2026-01-07 08:52:50+00:00,470.0,3255.851,3255.83,3256.1,ETH
2026-01-07 08:52:51+00:00,471.0,3255.831,3255.83,3256.01,ETH
2026-01-07 08:52:52+00:00,472.0,3255.831,3255.83,3256.01,ETH
2026-01-07 08:52:53+00:00,473.0,3255.831,3255.83,3256.02,ETH
2026-01-07 08:52:54+00:00,474.0,3255.831,3255.83,3256.1,ETH
2026-01-07 08:52:55+00:00,475.0,3255.831,3255.83,3256.17,ETH
2026-01-07 08:52:56+00:00,476.0,3255.831,3255.83,3255.98,ETH
2026-01-07 08:52:57+00:00,477.0,3255.831,3255.82,3255.96,ETH
2026-01-07 08:52:58+00:00,478.0,3255.481,3255.47,3255.68,ETH
2026-01-07 08:52:59+00:00,479.0,3255.161,3255.15,3255.39,ETH
2026-01-07 08:53:00+00:00,480.0,3255.161,3255.15,3255.31,ETH
2026-01-07 08:53:01+00:00,481.0,3255.011,3255.0,3255.23,ETH
2026-01-07 08:53:02+00:00,482.0,3254.861,3254.86,3255.11,ETH
2026-01-07 08:53:03+00:00,483.0,3255.041,3255.03,3255.27,ETH
2026-01-07 08:53:04+00:00,484.0,3255.221,3255.21,3255.45,ETH
2026-01-07 08:53:05+00:00,485.0,3255.271,3255.26,3255.47,ETH
2026-01-07 08:53:06+00:00,486.0,3255.301,3255.26,3255.48,ETH
2026-01-07 08:53:07+00:00,487.0,3255.351,3255.31,3255.62,ETH
2026-01-07 08:53:08+00:00,488.0,3255.521,3255.5,3255.83,ETH
2026-01-07 08:53:09+00:00,489.0,3255.621,3255.58,3255.87,ETH
2026-01-07 08:53:10+00:00,490.0,3255.611,3255.58,3255.92,ETH
2026-01-07 08:53:11+00:00,491.0,3255.601,3255.58,3256.02,ETH
2026-01-07 08:53:12+00:00,492.0,3255.591,3255.58,3255.99,ETH
2026-01-07 08:53:13+00:00,493.0,3255.581,3255.58,3255.94,ETH
2026-01-07 08:53:14+00:00,494.0,3255.581,3255.58,3255.92,ETH
2026-01-07 08:53:15+00:00,495.0,3255.591,3255.58,3255.9,ETH
2026-01-07 08:53:16+00:00,496.0,3255.591,3255.58,3255.89,ETH
2026-01-07 08:53:17+00:00,497.0,3255.581,3255.58,3255.89,ETH
2026-01-07 08:53:18+00:00,498.0,3255.591,3255.58,3255.89,ETH
2026-01-07 08:53:19+00:00,499.0,3255.591,3255.58,3255.88,ETH
2026-01-07 08:53:20+00:00,500.0,3255.721,3255.69,3255.89,ETH
2026-01-07 08:53:21+00:00,501.0,3255.911,3255.88,3255.96,ETH
2026-01-07 08:53:22+00:00,502.0,3255.971,3255.94,3256.02,ETH
2026-01-07 08:53:23+00:00,503.0,3255.931,3255.92,3256.02,ETH
2026-01-07 08:53:24+00:00,504.0,3255.881,3255.88,3256.01,ETH
2026-01-07 08:53:25+00:00,505.0,3255.871,3255.86,3255.99,ETH
2026-01-07 08:53:26+00:00,506.0,3255.741,3255.74,3255.91,ETH
2026-01-07 08:53:27+00:00,507.0,3255.701,3255.69,3255.88,ETH
2026-01-07 08:53:28+00:00,508.0,3255.751,3255.74,3255.86,ETH
2026-01-07 08:53:29+00:00,509.0,3255.721,3255.72,3255.85,ETH
2026-01-07 08:53:30+00:00,510.0,3255.721,3255.72,3255.85,ETH
2026-01-07 08:53:31+00:00,511.0,3255.721,3255.72,3255.88,ETH
2026-01-07 08:53:32+00:00,512.0,3255.721,3255.72,3255.87,ETH
2026-01-07 08:53:33+00:00,513.0,3255.721,3255.72,3255.88,ETH
2026-01-07 08:53:34+00:00,514.0,3255.721,3255.72,3255.91,ETH
2026-01-07 08:53:35+00:00,515.0,3255.721,3255.72,3255.91,ETH
2026-01-07 08:53:36+00:00,516.0,3255.721,3255.72,3255.89,ETH
2026-01-07 08:53:37+00:00,517.0,3255.661,3255.65,3255.84,ETH
2026-01-07 08:53:38+00:00,518.0,3255.291,3255.28,3255.55,ETH
2026-01-07 08:53:39+00:00,519.0,3254.981,3254.97,3255.28,ETH
2026-01-07 08:53:40+00:00,520.0,3254.981,3254.97,3255.24,ETH
2026-01-07 08:53:41+00:00,521.0,3254.981,3254.97,3255.22,ETH
2026-01-07 08:53:42+00:00,522.0,3254.971,3254.97,3255.18,ETH
2026-01-07 08:53:43+00:00,523.0,3255.241,3255.2,3255.28,ETH
2026-01-07 08:53:44+00:00,524.0,3255.171,3255.16,3255.27,ETH
2026-01-07 08:53:45+00:00,525.0,3255.171,3255.15,3255.25,ETH
2026-01-07 08:53:46+00:00,526.0,3255.171,3255.14,3255.22,ETH
2026-01-07 08:53:47+00:00,527.0,3255.151,3255.11,3255.19,ETH
2026-01-07 08:53:48+00:00,528.0,3255.151,3255.1,3255.19,ETH
2026-01-07 08:53:49+00:00,529.0,3255.171,3255.14,3255.21,ETH
2026-01-07 08:53:50+00:00,530.0,3255.141,3255.11,3255.17,ETH
2026-01-07 08:53:51+00:00,531.0,3255.171,3255.15,3255.24,ETH
2026-01-07 08:53:52+00:00,532.0,3255.171,3255.13,3255.21,ETH
2026-01-07 08:53:53+00:00,533.0,3255.171,3255.13,3255.22,ETH
2026-01-07 08:53:54+00:00,534.0,3255.171,3255.16,3255.25,ETH
2026-01-07 08:53:55+00:00,535.0,3255.171,3255.13,3255.22,ETH
2026-01-07 08:53:56+00:00,536.0,3255.141,3255.09,3255.19,ETH
2026-01-07 08:53:57+00:00,537.0,3255.041,3254.99,3255.17,ETH
2026-01-07 08:53:58+00:00,538.0,3254.991,3254.94,3255.18,ETH
2026-01-07 08:53:59+00:00,539.0,3255.041,3255.0,3255.17,ETH
2026-01-07 08:54:00+00:00,540.0,3255.011,3254.97,3255.17,ETH
2026-01-07 08:54:01+00:00,541.0,3255.031,3254.99,3255.17,ETH
2026-01-07 08:54:02+00:00,542.0,3255.111,3255.07,3255.17,ETH
2026-01-07 08:54:03+00:00,543.0,3255.111,3255.07,3255.17,ETH
2026-01-07 08:54:04+00:00,544.0,3255.171,3255.14,3255.2,ETH
2026-01-07 08:54:05+00:00,545.0,3255.141,3255.1,3255.23,ETH
2026-01-07 08:54:06+00:00,546.0,3255.171,3255.13,3255.23,ETH
2026-01-07 08:54:07+00:00,547.0,3255.071,3255.02,3255.17,ETH
2026-01-07 08:54:08+00:00,548.0,3255.121,3255.08,3255.17,ETH
2026-01-07 08:54:09+00:00,549.0,3255.081,3255.03,3255.17,ETH
2026-01-07 08:54:10+00:00,550.0,3254.721,3254.71,3254.83,ETH
2026-01-07 08:54:11+00:00,551.0,3254.721,3254.71,3255.03,ETH
2026-01-07 08:54:12+00:00,552.0,3254.721,3254.71,3255.03,ETH
2026-01-07 08:54:13+00:00,553.0,3254.721,3254.71,3255.03,ETH
2026-01-07 08:54:14+00:00,554.0,3254.721,3254.71,3255.02,ETH
2026-01-07 08:54:15+00:00,555.0,3254.721,3254.71,3254.93,ETH
2026-01-07 08:54:16+00:00,556.0,3254.721,3254.71,3254.97,ETH
2026-01-07 08:54:17+00:00,557.0,3254.741,3254.71,3254.94,ETH
2026-01-07 08:54:18+00:00,558.0,3255.141,3255.09,3255.18,ETH
2026-01-07 08:54:19+00:00,559.0,3255.141,3255.13,3255.21,ETH
2026-01-07 08:54:20+00:00,560.0,3255.141,3255.12,3255.21,ETH
2026-01-07 08:54:21+00:00,561.0,3255.141,3255.11,3255.2,ETH
2026-01-07 08:54:22+00:00,562.0,3255.141,3255.13,3255.32,ETH
2026-01-07 08:54:23+00:00,563.0,3255.081,3255.03,3255.14,ETH
2026-01-07 08:54:24+00:00,564.0,3255.141,3255.08,3255.17,ETH
2026-01-07 08:54:25+00:00,565.0,3255.111,3255.07,3255.16,ETH
2026-01-07 08:54:26+00:00,566.0,3255.091,3255.05,3255.14,ETH
2026-01-07 08:54:27+00:00,567.0,3255.141,3255.1,3255.18,ETH
2026-01-07 08:54:28+00:00,568.0,3255.121,3255.08,3255.18,ETH
2026-01-07 08:54:29+00:00,569.0,3255.131,3255.09,3255.18,ETH
2026-01-07 08:54:30+00:00,570.0,3255.171,3255.16,3255.24,ETH
2026-01-07 08:54:31+00:00,571.0,3255.141,3254.61,3255.23,ETH
2026-01-07 08:54:32+00:00,572.0,3255.151,3254.61,3255.22,ETH
2026-01-07 08:54:33+00:00,573.0,3255.151,3254.62,3255.25,ETH
2026-01-07 08:54:34+00:00,574.0,3255.141,3254.62,3255.21,ETH
2026-01-07 08:54:35+00:00,575.0,3255.141,3254.62,3255.27,ETH
2026-01-07 08:54:36+00:00,576.0,3255.141,3254.62,3255.3,ETH
2026-01-07 08:54:37+00:00,577.0,3255.141,3254.62,3255.28,ETH
2026-01-07 08:54:38+00:00,578.0,3255.161,3254.62,3255.28,ETH
2026-01-07 08:54:39+00:00,579.0,3255.171,3254.62,3255.28,ETH
2026-01-07 08:54:40+00:00,580.0,3255.171,3254.62,3255.28,ETH
2026-01-07 08:54:41+00:00,581.0,3255.161,3254.62,3255.3,ETH
2026-01-07 08:54:42+00:00,582.0,3255.161,3254.62,3255.33,ETH
2026-01-07 08:54:43+00:00,583.0,3255.161,3254.65,3255.36,ETH
2026-01-07 08:54:44+00:00,584.0,3255.291,3254.79,3255.51,ETH
2026-01-07 08:54:45+00:00,585.0,3255.491,3255.02,3255.65,ETH
2026-01-07 08:54:46+00:00,586.0,3255.561,3255.13,3255.64,ETH
2026-01-07 08:54:47+00:00,587.0,3255.551,3255.17,3255.61,ETH
2026-01-07 08:54:48+00:00,588.0,3255.541,3255.16,3255.58,ETH
2026-01-07 08:54:49+00:00,589.0,3255.541,3255.11,3255.58,ETH
2026-01-07 08:54:50+00:00,590.0,3255.521,3255.11,3255.57,ETH
2026-01-07 08:54:51+00:00,591.0,3255.541,3255.11,3255.6,ETH
2026-01-07 08:54:52+00:00,592.0,3255.561,3255.11,3255.63,ETH
2026-01-07 08:54:53+00:00,593.0,3255.561,3255.32,3255.62,ETH
2026-01-07 08:54:54+00:00,594.0,3255.561,3255.52,3255.61,ETH
2026-01-07 08:54:55+00:00,595.0,3255.561,3255.53,3255.7,ETH
2026-01-07 08:54:56+00:00,596.0,3255.561,3255.56,3255.72,ETH
2026-01-07 08:54:57+00:00,597.0,3255.561,3255.55,3255.64,ETH
2026-01-07 08:54:58+00:00,598.0,3255.561,3255.55,3255.64,ETH
2026-01-07 08:54:59+00:00,599.0,3255.591,3255.57,3255.72,ETH
2026-01-07 08:55:00+00:00,600.0,3255.641,3255.6,3255.72,ETH
2026-01-07 08:55:01+00:00,601.0,3255.871,3255.72,3256.04,ETH
2026-01-07 08:55:02+00:00,602.0,3255.861,3255.82,3255.91,ETH
2026-01-07 08:55:03+00:00,603.0,3255.871,3255.83,3255.92,ETH
2026-01-07 08:55:04+00:00,604.0,3256.021,3256.01,3256.37,ETH
2026-01-07 08:55:05+00:00,605.0,3256.071,3256.06,3256.27,ETH
2026-01-07 08:55:06+00:00,606.0,3256.071,3256.06,3256.16,ETH
2026-01-07 08:55:07+00:00,607.0,3256.071,3256.06,3256.18,ETH
2026-01-07 08:55:08+00:00,608.0,3256.071,3256.06,3256.18,ETH
2026-01-07 08:55:09+00:00,609.0,3256.071,3256.06,3256.18,ETH
2026-01-07 08:55:10+00:00,610.0,3256.071,3256.05,3256.15,ETH
2026-01-07 08:55:11+00:00,611.0,3256.071,3256.06,3256.22,ETH
2026-01-07 08:55:12+00:00,612.0,3256.071,3256.06,3256.17,ETH
2026-01-07 08:55:13+00:00,613.0,3256.071,3256.06,3256.19,ETH
2026-01-07 08:55:14+00:00,614.0,3255.811,3255.76,3256.06,ETH
2026-01-07 08:55:15+00:00,615.0,3255.761,3255.76,3256.07,ETH
2026-01-07 08:55:16+00:00,616.0,3255.761,3255.75,3256.0,ETH
2026-01-07 08:55:17+00:00,617.0,3255.761,3255.75,3255.98,ETH
2026-01-07 08:55:18+00:00,618.0,3255.881,3255.88,3255.96,ETH
2026-01-07 08:55:19+00:00,619.0,3255.881,3255.88,3255.98,ETH
2026-01-07 08:55:20+00:00,620.0,3255.991,3255.88,3256.33,ETH
2026-01-07 08:55:21+00:00,621.0,3256.671,3256.53,3256.76,ETH
2026-01-07 08:55:22+00:00,622.0,3256.631,3256.58,3256.76,ETH
2026-01-07 08:55:23+00:00,623.0,3256.681,3256.62,3256.79,ETH
2026-01-07 08:55:24+00:00,624.0,3256.751,3256.67,3256.83,ETH
2026-01-07 08:55:26+00:00,626.0,3256.751,3256.72,3256.92,ETH
2026-01-07 08:55:27+00:00,627.0,3256.751,3256.73,3256.88,ETH
2026-01-07 08:55:28+00:00,628.0,3256.751,3256.73,3256.87,ETH
2026-01-07 08:55:29+00:00,629.0,3256.751,3256.73,3256.88,ETH
2026-01-07 08:55:30+00:00,630.0,3256.621,3256.58,3256.76,ETH
2026-01-07 08:55:31+00:00,631.0,3256.751,3256.72,3256.82,ETH
2026-01-07 08:55:32+00:00,632.0,3256.731,3256.66,3256.77,ETH
2026-01-07 08:55:33+00:00,633.0,3256.591,3256.54,3256.76,ETH
2026-01-07 08:55:34+00:00,634.0,3256.251,3256.21,3256.34,ETH
2026-01-07 08:55:35+00:00,635.0,3256.251,3256.21,3256.34,ETH
2026-01-07 08:55:36+00:00,636.0,3256.251,3256.21,3256.33,ETH
2026-01-07 08:55:37+00:00,637.0,3256.051,3256.01,3256.09,ETH
2026-01-07 08:55:38+00:00,638.0,3256.051,3256.04,3256.1,ETH
2026-01-07 08:55:39+00:00,639.0,3256.051,3256.02,3256.11,ETH
2026-01-07 08:55:40+00:00,640.0,3256.051,3256.01,3256.15,ETH
2026-01-07 08:55:41+00:00,641.0,3256.051,3256.01,3256.1,ETH
2026-01-07 08:55:42+00:00,642.0,3256.051,3256.02,3256.1,ETH
2026-01-07 08:55:43+00:00,643.0,3255.731,3255.69,3256.02,ETH
2026-01-07 08:55:44+00:00,644.0,3255.901,3255.88,3255.95,ETH
2026-01-07 08:55:45+00:00,645.0,3255.621,3255.62,3255.98,ETH
2026-01-07 08:55:46+00:00,646.0,3255.621,3255.62,3255.98,ETH
2026-01-07 08:55:47+00:00,647.0,3255.621,3255.62,3255.96,ETH
2026-01-07 08:55:48+00:00,648.0,3255.621,3255.62,3255.85,ETH
2026-01-07 08:55:49+00:00,649.0,3255.621,3255.61,3255.77,ETH
2026-01-07 08:55:50+00:00,650.0,3255.621,3255.61,3255.81,ETH
2026-01-07 08:55:51+00:00,651.0,3255.621,3255.61,3255.78,ETH
2026-01-07 08:55:52+00:00,652.0,3255.611,3255.6,3255.71,ETH
2026-01-07 08:55:53+00:00,653.0,3255.611,3255.57,3255.66,ETH
2026-01-07 08:55:54+00:00,654.0,3255.581,3255.55,3255.64,ETH
2026-01-07 08:55:55+00:00,655.0,3255.571,3255.53,3255.63,ETH
2026-01-07 08:55:56+00:00,656.0,3255.611,3255.56,3255.67,ETH
2026-01-07 08:55:57+00:00,657.0,3255.621,3255.58,3255.73,ETH
2026-01-07 08:55:58+00:00,658.0,3255.601,3255.55,3255.76,ETH
2026-01-07 08:55:59+00:00,659.0,3255.581,3255.53,3255.74,ETH
2026-01-07 08:56:00+00:00,660.0,3255.591,3255.55,3255.72,ETH
2026-01-07 08:56:01+00:00,661.0,3255.601,3255.56,3255.72,ETH
2026-01-07 08:56:02+00:00,662.0,3255.261,3255.21,3255.37,ETH
2026-01-07 08:56:03+00:00,663.0,3255.041,3254.87,3255.11,ETH
2026-01-07 08:56:04+00:00,664.0,3255.011,3254.86,3255.13,ETH
2026-01-07 08:56:05+00:00,665.0,3255.091,3255.06,3255.22,ETH
2026-01-07 08:56:06+00:00,666.0,3255.401,3255.37,3255.49,ETH
2026-01-07 08:56:07+00:00,667.0,3255.491,3255.48,3255.63,ETH
2026-01-07 08:56:08+00:00,668.0,3255.471,3255.46,3255.66,ETH
2026-01-07 08:56:09+00:00,669.0,3255.451,3255.44,3255.64,ETH
2026-01-07 08:56:10+00:00,670.0,3255.461,3255.42,3255.51,ETH
2026-01-07 08:56:11+00:00,671.0,3255.511,3255.5,3255.71,ETH
2026-01-07 08:56:12+00:00,672.0,3255.511,3255.5,3255.85,ETH
2026-01-07 08:56:13+00:00,673.0,3255.621,3255.5,3255.76,ETH
2026-01-07 08:56:14+00:00,674.0,3255.721,3255.68,3255.76,ETH
2026-01-07 08:56:15+00:00,675.0,3255.721,3255.67,3255.8,ETH
2026-01-07 08:56:16+00:00,676.0,3255.701,3255.64,3255.81,ETH
2026-01-07 08:56:17+00:00,677.0,3255.691,3255.61,3255.82,ETH
2026-01-07 08:56:18+00:00,678.0,3255.721,3255.68,3255.79,ETH
2026-01-07 08:56:19+00:00,679.0,3255.781,3255.78,3255.88,ETH
2026-01-07 08:56:20+00:00,680.0,3255.781,3255.78,3255.89,ETH
2026-01-07 08:56:21+00:00,681.0,3255.781,3255.78,3255.88,ETH
2026-01-07 08:56:22+00:00,682.0,3255.781,3255.78,3255.86,ETH
2026-01-07 08:56:23+00:00,683.0,3255.781,3255.78,3255.88,ETH
2026-01-07 08:56:24+00:00,684.0,3255.781,3255.78,3255.88,ETH
2026-01-07 08:56:25+00:00,685.0,3255.781,3255.75,3255.85,ETH
2026-01-07 08:56:26+00:00,686.0,3255.681,3255.66,3255.78,ETH
2026-01-07 08:56:27+00:00,687.0,3255.591,3255.59,3255.76,ETH
2026-01-07 08:56:28+00:00,688.0,3255.591,3255.58,3255.72,ETH
2026-01-07 08:56:29+00:00,689.0,3255.591,3255.58,3255.68,ETH
2026-01-07 08:56:30+00:00,690.0,3255.591,3255.58,3255.73,ETH
2026-01-07 08:56:31+00:00,691.0,3255.591,3255.58,3255.77,ETH
2026-01-07 08:56:32+00:00,692.0,3255.591,3255.57,3255.7,ETH
2026-01-07 08:56:33+00:00,693.0,3255.591,3255.56,3255.65,ETH
2026-01-07 08:56:34+00:00,694.0,3255.591,3255.56,3255.65,ETH
2026-01-07 08:56:35+00:00,695.0,3255.591,3255.57,3255.65,ETH
2026-01-07 08:56:36+00:00,696.0,3255.591,3255.56,3255.63,ETH
2026-01-07 08:56:37+00:00,697.0,3255.581,3255.54,3255.63,ETH
2026-01-07 08:56:38+00:00,698.0,3255.521,3255.47,3255.59,ETH
2026-01-07 08:56:39+00:00,699.0,3254.981,3254.85,3255.03,ETH
2026-01-07 08:56:40+00:00,700.0,3254.861,3254.85,3255.0,ETH
2026-01-07 08:56:41+00:00,701.0,3254.861,3254.85,3255.01,ETH
2026-01-07 08:56:42+00:00,702.0,3254.861,3254.85,3255.01,ETH
2026-01-07 08:56:43+00:00,703.0,3254.841,3254.81,3254.88,ETH
2026-01-07 08:56:44+00:00,704.0,3254.861,3254.85,3254.98,ETH
2026-01-07 08:56:45+00:00,705.0,3254.861,3254.84,3254.94,ETH
2026-01-07 08:56:46+00:00,706.0,3254.861,3254.83,3254.93,ETH
2026-01-07 08:56:47+00:00,707.0,3254.861,3254.83,3254.9,ETH
2026-01-07 08:56:48+00:00,708.0,3254.861,3254.85,3254.95,ETH
2026-01-07 08:56:49+00:00,709.0,3254.861,3254.85,3254.95,ETH
2026-01-07 08:56:50+00:00,710.0,3254.861,3254.85,3254.94,ETH
2026-01-07 08:56:51+00:00,711.0,3254.861,3254.85,3255.1,ETH
2026-01-07 08:56:52+00:00,712.0,3254.861,3254.85,3255.0,ETH
2026-01-07 08:56:53+00:00,713.0,3254.861,3254.85,3255.0,ETH
2026-01-07 08:56:54+00:00,714.0,3254.861,3254.84,3254.93,ETH
2026-01-07 08:56:55+00:00,715.0,3254.861,3254.85,3254.99,ETH
2026-01-07 08:56:56+00:00,716.0,3254.861,3254.85,3254.95,ETH
2026-01-07 08:56:57+00:00,717.0,3254.861,3254.84,3254.93,ETH
2026-01-07 08:56:58+00:00,718.0,3254.821,3254.78,3254.86,ETH
2026-01-07 08:56:59+00:00,719.0,3254.821,3254.78,3254.85,ETH
2026-01-07 08:57:00+00:00,720.0,3254.571,3254.56,3254.74,ETH
2026-01-07 08:57:01+00:00,721.0,3254.571,3254.56,3254.76,ETH
2026-01-07 08:57:02+00:00,722.0,3254.551,3254.49,3254.61,ETH
2026-01-07 08:57:03+00:00,723.0,3254.551,3254.55,3254.66,ETH
2026-01-07 08:57:04+00:00,724.0,3254.261,3254.25,3254.4,ETH
2026-01-07 08:57:05+00:00,725.0,3254.261,3254.25,3254.45,ETH
2026-01-07 08:57:06+00:00,726.0,3254.251,3254.25,3254.49,ETH
2026-01-07 08:57:07+00:00,727.0,3254.251,3254.25,3254.49,ETH
2026-01-07 08:57:08+00:00,728.0,3254.251,3254.25,3254.49,ETH
2026-01-07 08:57:09+00:00,729.0,3254.251,3254.25,3254.51,ETH
2026-01-07 08:57:10+00:00,730.0,3254.121,3254.12,3254.42,ETH
2026-01-07 08:57:11+00:00,731.0,3254.121,3254.12,3254.35,ETH
2026-01-07 08:57:12+00:00,732.0,3254.121,3254.12,3254.42,ETH
2026-01-07 08:57:13+00:00,733.0,3254.121,3254.12,3254.37,ETH
2026-01-07 08:57:14+00:00,734.0,3254.121,3254.12,3254.31,ETH
2026-01-07 08:57:15+00:00,735.0,3254.121,3254.12,3254.35,ETH
2026-01-07 08:57:16+00:00,736.0,3254.121,3254.12,3254.39,ETH
2026-01-07 08:57:17+00:00,737.0,3254.121,3254.12,3254.42,ETH
2026-01-07 08:57:18+00:00,738.0,3254.121,3254.12,3254.42,ETH
2026-01-07 08:57:19+00:00,739.0,3254.121,3254.12,3254.33,ETH
2026-01-07 08:57:20+00:00,740.0,3254.121,3254.12,3254.45,ETH
2026-01-07 08:57:21+00:00,741.0,3254.121,3254.12,3254.29,ETH
2026-01-07 08:57:22+00:00,742.0,3254.121,3254.12,3254.34,ETH
2026-01-07 08:57:23+00:00,743.0,3254.001,3254.0,3254.2,ETH
2026-01-07 08:57:24+00:00,744.0,3254.001,3254.0,3254.08,ETH
2026-01-07 08:57:25+00:00,745.0,3254.001,3254.0,3254.14,ETH
2026-01-07 08:57:26+00:00,746.0,3254.001,3254.0,3254.12,ETH
2026-01-07 08:57:27+00:00,747.0,3254.001,3254.0,3254.08,ETH
2026-01-07 08:57:28+00:00,748.0,3254.001,3254.0,3254.1,ETH
2026-01-07 08:57:29+00:00,749.0,3254.001,3254.0,3254.07,ETH
2026-01-07 08:57:30+00:00,750.0,3254.001,3253.99,3254.06,ETH
2026-01-07 08:57:31+00:00,751.0,3254.001,3254.0,3254.11,ETH
2026-01-07 08:57:32+00:00,752.0,3254.001,3254.0,3254.11,ETH
2026-01-07 08:57:33+00:00,753.0,3254.001,3254.0,3254.13,ETH
2026-01-07 08:57:34+00:00,754.0,3254.001,3254.0,3254.2,ETH
2026-01-07 08:57:35+00:00,755.0,3254.001,3254.0,3254.29,ETH
2026-01-07 08:57:36+00:00,756.0,3254.001,3254.0,3254.28,ETH
2026-01-07 08:57:37+00:00,757.0,3254.001,3254.0,3254.1,ETH
2026-01-07 08:57:38+00:00,758.0,3253.811,3253.81,3253.96,ETH
2026-01-07 08:57:39+00:00,759.0,3253.811,3253.8,3254.12,ETH
2026-01-07 08:57:40+00:00,760.0,3253.811,3253.8,3254.16,ETH
2026-01-07 08:57:41+00:00,761.0,3253.811,3253.8,3254.07,ETH
2026-01-07 08:57:42+00:00,762.0,3253.811,3253.81,3254.02,ETH
2026-01-07 08:57:43+00:00,763.0,3253.811,3253.81,3254.02,ETH
2026-01-07 08:57:44+00:00,764.0,3253.811,3253.8,3254.0,ETH
2026-01-07 08:57:45+00:00,765.0,3253.801,3253.78,3253.9,ETH
2026-01-07 08:57:46+00:00,766.0,3253.791,3253.77,3253.92,ETH
2026-01-07 08:57:47+00:00,767.0,3253.801,3253.79,3254.0,ETH
2026-01-07 08:57:48+00:00,768.0,3253.801,3253.79,3253.99,ETH
2026-01-07 08:57:49+00:00,769.0,3253.771,3253.75,3253.89,ETH
2026-01-07 08:57:50+00:00,770.0,3253.771,3253.72,3253.82,ETH
2026-01-07 08:57:51+00:00,771.0,3253.791,3253.76,3253.85,ETH
2026-01-07 08:57:52+00:00,772.0,3253.791,3253.77,3253.86,ETH
2026-01-07 08:57:53+00:00,773.0,3253.791,3253.78,3253.86,ETH
2026-01-07 08:57:54+00:00,774.0,3253.791,3253.78,3253.87,ETH
2026-01-07 08:57:55+00:00,775.0,3253.791,3253.79,3253.87,ETH
2026-01-07 08:57:56+00:00,776.0,3253.741,3253.72,3253.83,ETH
2026-01-07 08:57:57+00:00,777.0,3253.701,3253.66,3253.8,ETH
2026-01-07 08:57:58+00:00,778.0,3253.531,3253.5,3253.68,ETH
2026-01-07 08:57:59+00:00,779.0,3253.361,3253.34,3253.53,ETH
2026-01-07 08:58:00+00:00,780.0,3253.351,3253.32,3253.44,ETH
2026-01-07 08:58:01+00:00,781.0,3253.321,3253.27,3253.37,ETH
2026-01-07 08:58:02+00:00,782.0,3253.281,3253.23,3253.35,ETH
2026-01-07 08:58:03+00:00,783.0,3253.251,3253.2,3253.35,ETH
2026-01-07 08:58:04+00:00,784.0,3253.071,3253.02,3253.21,ETH
2026-01-07 08:58:05+00:00,785.0,3252.831,3252.78,3252.94,ETH
2026-01-07 08:58:06+00:00,786.0,3252.771,3252.74,3252.82,ETH
2026-01-07 08:58:07+00:00,787.0,3252.781,3252.74,3252.82,ETH
2026-01-07 08:58:08+00:00,788.0,3252.771,3252.73,3252.82,ETH
2026-01-07 08:58:09+00:00,789.0,3252.771,3252.72,3252.83,ETH
2026-01-07 08:58:10+00:00,790.0,3252.691,3252.65,3252.73,ETH
2026-01-07 08:58:11+00:00,791.0,3252.691,3252.65,3252.73,ETH
2026-01-07 08:58:12+00:00,792.0,3252.651,3252.64,3252.74,ETH
2026-01-07 08:58:13+00:00,793.0,3252.651,3252.64,3252.74,ETH
2026-01-07 08:58:14+00:00,794.0,3252.651,3252.64,3252.71,ETH
2026-01-07 08:58:15+00:00,795.0,3252.651,3252.64,3252.74,ETH
2026-01-07 08:58:16+00:00,796.0,3252.651,3252.64,3252.74,ETH
2026-01-07 08:58:17+00:00,797.0,3252.641,3252.64,3252.77,ETH
2026-01-07 08:58:18+00:00,798.0,3252.641,3252.64,3252.8,ETH
2026-01-07 08:58:19+00:00,799.0,3253.061,3253.04,3253.18,ETH
2026-01-07 08:58:20+00:00,800.0,3253.071,3253.04,3253.16,ETH
2026-01-07 08:58:21+00:00,801.0,3253.071,3253.04,3253.13,ETH
2026-01-07 08:58:22+00:00,802.0,3253.071,3253.04,3253.15,ETH
2026-01-07 08:58:23+00:00,803.0,3253.061,3253.03,3253.15,ETH
2026-01-07 08:58:24+00:00,804.0,3253.041,3253.03,3253.16,ETH
2026-01-07 08:58:25+00:00,805.0,3253.041,3253.01,3253.14,ETH
2026-01-07 08:58:26+00:00,806.0,3253.031,3252.98,3253.09,ETH
2026-01-07 08:58:27+00:00,807.0,3253.031,3253.01,3253.14,ETH
2026-01-07 08:58:28+00:00,808.0,3253.041,3253.03,3253.15,ETH
2026-01-07 08:58:29+00:00,809.0,3253.051,3253.04,3253.11,ETH
2026-01-07 08:58:30+00:00,810.0,3253.061,3253.05,3253.12,ETH
2026-01-07 08:58:31+00:00,811.0,3253.061,3253.05,3253.12,ETH
2026-01-07 08:58:32+00:00,812.0,3253.061,3253.04,3253.12,ETH
2026-01-07 08:58:33+00:00,813.0,3253.061,3253.04,3253.13,ETH
2026-01-07 08:58:34+00:00,814.0,3253.061,3253.03,3253.13,ETH
2026-01-07 08:58:35+00:00,815.0,3253.061,3253.05,3253.2,ETH
2026-01-07 08:58:36+00:00,816.0,3253.061,3253.06,3253.34,ETH
2026-01-07 08:58:37+00:00,817.0,3253.061,3253.06,3253.34,ETH
2026-01-07 08:58:38+00:00,818.0,3253.061,3253.06,3253.19,ETH
2026-01-07 08:58:39+00:00,819.0,3253.061,3253.02,3253.12,ETH
2026-01-07 08:58:40+00:00,820.0,3253.061,3253.02,3253.12,ETH
2026-01-07 08:58:41+00:00,821.0,3253.061,3253.05,3253.17,ETH
2026-01-07 08:58:42+00:00,822.0,3253.061,3253.02,3253.11,ETH
2026-01-07 08:58:43+00:00,823.0,3252.211,3252.1,3252.26,ETH
2026-01-07 08:58:44+00:00,824.0,3252.101,3252.09,3252.24,ETH
2026-01-07 08:58:45+00:00,825.0,3252.101,3252.09,3252.32,ETH
2026-01-07 08:58:46+00:00,826.0,3252.101,3252.06,3252.16,ETH
2026-01-07 08:58:47+00:00,827.0,3252.101,3252.09,3252.18,ETH
2026-01-07 08:58:48+00:00,828.0,3252.101,3252.09,3252.29,ETH
2026-01-07 08:58:49+00:00,829.0,3251.921,3251.91,3252.13,ETH
2026-01-07 08:58:50+00:00,830.0,3251.911,3251.91,3252.12,ETH
2026-01-07 08:58:51+00:00,831.0,3251.911,3251.91,3252.12,ETH
2026-01-07 08:58:52+00:00,832.0,3251.911,3251.91,3252.2,ETH
2026-01-07 08:58:53+00:00,833.0,3251.911,3251.91,3252.1,ETH
2026-01-07 08:58:54+00:00,834.0,3251.911,3251.91,3252.22,ETH
2026-01-07 08:58:55+00:00,835.0,3251.911,3251.91,3252.24,ETH
2026-01-07 08:58:56+00:00,836.0,3251.911,3251.91,3252.25,ETH
2026-01-07 08:58:57+00:00,837.0,3251.911,3251.58,3252.22,ETH
2026-01-07 08:58:58+00:00,838.0,3251.911,3251.61,3252.17,ETH
2026-01-07 08:58:59+00:00,839.0,3251.911,3251.64,3252.14,ETH
2026-01-07 08:59:00+00:00,840.0,3252.0,3251.65,3252.15,ETH
2026-01-07 08:59:01+00:00,841.0,3252.19,3251.75,3252.29,ETH
2026-01-07 08:59:02+00:00,842.0,3252.29,3251.85,3252.36,ETH
2026-01-07 08:59:03+00:00,843.0,3252.22,3251.85,3252.33,ETH
2026-01-07 08:59:04+00:00,844.0,3252.13,3251.83,3252.31,ETH
2026-01-07 08:59:06+00:00,846.0,3252.1,3251.87,3252.2,ETH
2026-01-07 08:59:07+00:00,847.0,3252.1,3251.87,3252.16,ETH
2026-01-07 08:59:08+00:00,848.0,3252.05,3251.75,3252.1,ETH
2026-01-07 08:59:09+00:00,849.0,3251.81,3251.49,3251.87,ETH
2026-01-07 08:59:10+00:00,850.0,3251.79,3251.49,3251.87,ETH
2026-01-07 08:59:11+00:00,851.0,3251.74,3251.49,3251.87,ETH
2026-01-07 08:59:12+00:00,852.0,3251.82,3251.49,3251.87,ETH
2026-01-07 08:59:13+00:00,853.0,3251.06,3250.87,3251.12,ETH
2026-01-07 08:59:14+00:00,854.0,3250.86,3250.62,3251.22,ETH
2026-01-07 08:59:15+00:00,855.0,3250.61,3250.54,3251.03,ETH
2026-01-07 08:59:16+00:00,856.0,3250.84,3250.51,3250.91,ETH
2026-01-07 08:59:17+00:00,857.0,3250.84,3250.52,3250.94,ETH
2026-01-07 08:59:18+00:00,858.0,3250.65,3250.5,3250.8,ETH
2026-01-07 08:59:19+00:00,859.0,3250.52,3250.5,3250.77,ETH
2026-01-07 08:59:20+00:00,860.0,3250.31,3250.21,3250.39,ETH
2026-01-07 08:59:21+00:00,861.0,3250.03,3249.92,3250.13,ETH
2026-01-07 08:59:22+00:00,862.0,3249.99,3249.88,3250.13,ETH
2026-01-07 08:59:23+00:00,863.0,3249.97,3249.88,3250.12,ETH
2026-01-07 08:59:24+00:00,864.0,3249.82,3249.71,3249.94,ETH
2026-01-07 08:59:26+00:00,866.0,3249.73,3249.31,3249.78,ETH
2026-01-07 08:59:27+00:00,867.0,3249.59,3249.33,3249.74,ETH
2026-01-07 08:59:28+00:00,868.0,3249.59,3249.38,3249.71,ETH
2026-01-07 08:59:29+00:00,869.0,3249.61,3249.37,3249.8,ETH
2026-01-07 08:59:30+00:00,870.0,3249.59,3249.37,3249.74,ETH
2026-01-07 08:59:31+00:00,871.0,3249.55,3249.34,3249.6,ETH
2026-01-07 08:59:32+00:00,872.0,3249.46,3249.33,3249.57,ETH
2026-01-07 08:59:33+00:00,873.0,3249.45,3249.3,3249.55,ETH
2026-01-07 08:59:34+00:00,874.0,3249.45,3249.32,3249.66,ETH
2026-01-07 08:59:35+00:00,875.0,3249.23,3249.03,3249.26,ETH
2026-01-07 08:59:36+00:00,876.0,3249.01,3248.88,3249.29,ETH
2026-01-07 08:59:37+00:00,877.0,3248.61,3248.34,3248.69,ETH
2026-01-07 08:59:38+00:00,878.0,3247.82,3247.34,3248.02,ETH
2026-01-07 08:59:39+00:00,879.0,3247.46,3247.32,3247.57,ETH
2026-01-07 08:59:40+00:00,880.0,3247.46,3247.32,3247.58,ETH
2026-01-07 08:59:41+00:00,881.0,3247.65,3247.45,3247.96,ETH
2026-01-07 08:59:42+00:00,882.0,3247.41,3247.13,3247.42,ETH
2026-01-07 08:59:43+00:00,883.0,3247.27,3247.13,3247.34,ETH
2026-01-07 08:59:44+00:00,884.0,3247.24,3247.18,3247.3,ETH
2026-01-07 08:59:45+00:00,885.0,3247.38,3247.29,3247.51,ETH
2026-01-07 08:59:46+00:00,886.0,3247.49,3247.43,3247.6,ETH
2026-01-07 08:59:47+00:00,887.0,3247.27,3247.24,3247.4,ETH
2026-01-07 08:59:48+00:00,888.0,3247.09,3246.97,3247.31,ETH
2026-01-07 08:59:49+00:00,889.0,3247.1,3246.93,3247.32,ETH
2026-01-07 08:59:50+00:00,890.0,3247.1,3246.95,3247.33,ETH
2026-01-07 08:59:51+00:00,891.0,3247.1,3246.96,3247.34,ETH
2026-01-07 08:59:52+00:00,892.0,3247.1,3246.98,3247.36,ETH
2026-01-07 08:59:53+00:00,893.0,3247.1,3246.99,3247.37,ETH
2026-01-07 08:59:54+00:00,894.0,3247.23,3247.05,3247.54,ETH
2026-01-07 08:59:55+00:00,895.0,3247.48,3247.29,3247.69,ETH
2026-01-07 08:59:56+00:00,896.0,3247.65,3247.5,3247.78,ETH
2026-01-07 08:59:57+00:00,897.0,3247.75,3247.54,3247.88,ETH
2026-01-07 08:59:58+00:00,898.0,3247.79,3247.57,3247.96,ETH
2026-01-07 08:59:59+00:00,899.0,3247.78,3247.62,3247.93,ETH
