timestamp,collected_at,seconds,mid,bid,ask,asset
2026-01-06 03:45:00+00:00,2026-01-06 03:47:31.983019+00:00,0.0,93806.121,93804.29,93810.4,BTC
2026-01-06 03:45:01+00:00,2026-01-06 03:47:32.997429+00:00,1.0,93802.251,93799.88,93806.76,BTC
2026-01-06 03:45:03+00:00,2026-01-06 03:47:34.219514+00:00,3.0,93801.181,93795.13,93807.24,BTC
2026-01-06 03:45:04+00:00,2026-01-06 03:47:36.248466+00:00,4.0,93800.951,93795.08,93806.99,BTC
2026-01-06 03:45:05+00:00,2026-01-06 03:47:37.247543+00:00,5.0,93800.74,93795.02,93806.69,BTC
2026-01-06 03:45:06+00:00,2026-01-06 03:47:38.260665+00:00,6.0,93800.861,93795.09,93806.77,BTC
2026-01-06 03:45:07+00:00,2026-01-06 03:47:39.263894+00:00,7.0,93800.961,93795.14,93806.8,BTC
2026-01-06 03:45:08+00:00,2026-01-06 03:47:40.273421+00:00,8.0,93800.941,93795.14,93806.74,BTC
2026-01-06 03:45:09+00:00,2026-01-06 03:47:41.271711+00:00,9.0,93800.941,93795.15,93806.72,BTC
2026-01-06 03:45:10+00:00,2026-01-06 03:47:42.266570+00:00,10.0,93800.911,93795.11,93806.72,BTC
2026-01-06 03:45:11+00:00,2026-01-06 03:47:43.273068+00:00,11.0,93800.871,93795.04,93806.69,BTC
2026-01-06 03:45:12+00:00,2026-01-06 03:47:44.280899+00:00,12.0,93800.83,93794.98,93806.67,BTC
2026-01-06 03:45:13+00:00,2026-01-06 03:47:45.301678+00:00,13.0,93800.32,93794.76,93806.23,BTC
2026-01-06 03:45:14+00:00,2026-01-06 03:47:46.310914+00:00,14.0,93799.46,93793.86,93805.2,BTC
2026-01-06 03:45:16+00:00,2026-01-06 03:47:47.355149+00:00,16.0,93799.44,93793.69,93805.14,BTC
2026-01-06 03:45:17+00:00,2026-01-06 03:47:48.383783+00:00,17.0,93795.96,93790.26,93801.51,BTC
2026-01-06 03:45:18+00:00,2026-01-06 03:47:49.347764+00:00,18.0,93795.96,93790.29,93801.68,BTC
2026-01-06 03:45:19+00:00,2026-01-06 03:47:50.354448+00:00,19.0,93795.87,93790.29,93801.73,BTC
2026-01-06 03:45:20+00:00,2026-01-06 03:47:51.380494+00:00,20.0,93795.75,93789.89,93801.55,BTC
2026-01-06 03:45:21+00:00,2026-01-06 03:47:52.348344+00:00,21.0,93795.66,93789.88,93801.65,BTC
2026-01-06 03:45:22+00:00,2026-01-06 03:47:53.366522+00:00,22.0,93795.61,93789.88,93801.6,BTC
2026-01-06 03:45:23+00:00,2026-01-06 03:47:54.374238+00:00,23.0,93795.56,93789.88,93801.55,BTC
2026-01-06 03:45:24+00:00,2026-01-06 03:47:55.373144+00:00,24.0,93795.51,93789.88,93801.5,BTC
2026-01-06 03:45:25+00:00,2026-01-06 03:47:56.377233+00:00,25.0,93795.46,93789.88,93801.45,BTC
2026-01-06 03:45:26+00:00,2026-01-06 03:47:57.382550+00:00,26.0,93795.54,93789.88,93801.21,BTC
2026-01-06 03:45:27+00:00,2026-01-06 03:47:58.380563+00:00,27.0,93795.5,93789.42,93800.59,BTC
2026-01-06 03:45:28+00:00,2026-01-06 03:47:59.378138+00:00,28.0,93795.55,93789.88,93801.47,BTC
2026-01-06 03:45:29+00:00,2026-01-06 03:48:01.404122+00:00,29.0,93795.49,93789.88,93801.45,BTC
2026-01-06 03:45:30+00:00,2026-01-06 03:48:02.395152+00:00,30.0,93795.93,93790.22,93801.8,BTC
2026-01-06 03:45:31+00:00,2026-01-06 03:48:03.396722+00:00,31.0,93797.18,93791.72,93802.97,BTC
2026-01-06 03:45:32+00:00,2026-01-06 03:48:04.403338+00:00,32.0,93798.01,93792.88,93803.81,BTC
2026-01-06 03:45:34+00:00,2026-01-06 03:48:05.451321+00:00,34.0,93798.0,93793.17,93803.81,BTC
2026-01-06 03:45:35+00:00,2026-01-06 03:48:06.470141+00:00,35.0,93797.99,93793.16,93803.81,BTC
2026-01-06 03:45:36+00:00,2026-01-06 03:48:07.456155+00:00,36.0,93797.99,93793.16,93803.81,BTC
2026-01-06 03:45:37+00:00,2026-01-06 03:48:08.462526+00:00,37.0,93797.97,93793.16,93803.81,BTC
2026-01-06 03:45:38+00:00,2026-01-06 03:48:09.455688+00:00,38.0,93798.02,93793.15,93803.91,BTC
2026-01-06 03:45:39+00:00,2026-01-06 03:48:10.465987+00:00,39.0,93798.01,93793.15,93803.91,BTC
2026-01-06 03:45:40+00:00,2026-01-06 03:48:11.471752+00:00,40.0,93798.01,93793.15,93803.91,BTC
2026-01-06 03:45:41+00:00,2026-01-06 03:48:12.485124+00:00,41.0,93798.03,93792.76,93803.87,BTC
2026-01-06 03:45:42+00:00,2026-01-06 03:48:13.509577+00:00,42.0,93798.03,93793.09,93803.86,BTC
2026-01-06 03:45:43+00:00,2026-01-06 03:48:14.523398+00:00,43.0,93798.14,93793.09,93803.9,BTC
2026-01-06 03:45:44+00:00,2026-01-06 03:48:15.536886+00:00,44.0,93798.02,93792.69,93803.89,BTC
2026-01-06 03:45:45+00:00,2026-01-06 03:48:16.529240+00:00,45.0,93797.96,93793.06,93803.86,BTC
2026-01-06 03:45:46+00:00,2026-01-06 03:48:17.529348+00:00,46.0,93797.96,93793.11,93803.86,BTC
2026-01-06 03:45:47+00:00,2026-01-06 03:48:18.573310+00:00,47.0,93797.96,93793.11,93803.89,BTC
2026-01-06 03:45:48+00:00,2026-01-06 03:48:19.566104+00:00,48.0,93797.87,93793.11,93803.79,BTC
2026-01-06 03:45:49+00:00,2026-01-06 03:48:20.566854+00:00,49.0,93797.86,93793.04,93803.78,BTC
2026-01-06 03:45:50+00:00,2026-01-06 03:48:21.572036+00:00,50.0,93797.86,93792.96,93803.78,BTC
2026-01-06 03:45:51+00:00,2026-01-06 03:48:22.569198+00:00,51.0,93797.92,93792.71,93803.89,BTC
2026-01-06 03:45:52+00:00,2026-01-06 03:48:23.566792+00:00,52.0,93797.76,93792.31,93803.74,BTC
2026-01-06 03:45:53+00:00,2026-01-06 03:48:24.569556+00:00,53.0,93797.18,93791.75,93803.64,BTC
2026-01-06 03:45:54+00:00,2026-01-06 03:48:25.582862+00:00,54.0,93797.78,93792.87,93803.71,BTC
2026-01-06 03:45:55+00:00,2026-01-06 03:48:26.581995+00:00,55.0,93797.79,93792.89,93803.72,BTC
2026-01-06 03:45:56+00:00,2026-01-06 03:48:27.599744+00:00,56.0,93797.9,93792.89,93803.73,BTC
2026-01-06 03:45:57+00:00,2026-01-06 03:48:28.586115+00:00,57.0,93797.95,93792.9,93803.75,BTC
2026-01-06 03:45:58+00:00,2026-01-06 03:48:29.594011+00:00,58.0,93797.95,93792.9,93803.75,BTC
2026-01-06 03:45:59+00:00,2026-01-06 03:48:30.625544+00:00,59.0,93797.95,93792.9,93803.73,BTC
2026-01-06 03:46:00+00:00,2026-01-06 03:48:31.640107+00:00,60.0,93797.96,93792.9,93803.77,BTC
2026-01-06 03:46:01+00:00,2026-01-06 03:48:32.630914+00:00,61.0,93797.96,93792.9,93803.77,BTC
2026-01-06 03:46:02+00:00,2026-01-06 03:48:33.634245+00:00,62.0,93803.251,93799.46,93809.43,BTC
2026-01-06 03:46:03+00:00,2026-01-06 03:48:34.667414+00:00,63.0,93810.221,93807.56,93815.73,BTC
2026-01-06 03:46:04+00:00,2026-01-06 03:48:35.667207+00:00,64.0,93810.191,93807.86,93815.73,BTC
2026-01-06 03:46:05+00:00,2026-01-06 03:48:36.676434+00:00,65.0,93810.181,93807.86,93815.72,BTC
2026-01-06 03:46:06+00:00,2026-01-06 03:48:37.665762+00:00,66.0,93810.181,93807.86,93815.72,BTC
2026-01-06 03:46:07+00:00,2026-01-06 03:48:38.668992+00:00,67.0,93809.461,93807.43,93815.05,BTC
2026-01-06 03:46:08+00:00,2026-01-06 03:48:39.668320+00:00,68.0,93809.461,93807.43,93815.05,BTC
2026-01-06 03:46:09+00:00,2026-01-06 03:48:40.669139+00:00,69.0,93809.371,93807.26,93815.0,BTC
2026-01-06 03:46:10+00:00,2026-01-06 03:48:41.680370+00:00,70.0,93809.371,93807.26,93815.0,BTC
2026-01-06 03:46:11+00:00,2026-01-06 03:48:42.687464+00:00,71.0,93809.361,93807.36,93814.99,BTC
2026-01-06 03:46:12+00:00,2026-01-06 03:48:43.708168+00:00,72.0,93809.361,93807.36,93814.99,BTC
2026-01-06 03:46:13+00:00,2026-01-06 03:48:44.705323+00:00,73.0,93808.701,93806.72,93814.37,BTC
2026-01-06 03:46:14+00:00,2026-01-06 03:48:45.702783+00:00,74.0,93808.701,93806.72,93814.37,BTC
2026-01-06 03:46:15+00:00,2026-01-06 03:48:46.718768+00:00,75.0,93808.701,93806.6,93814.32,BTC
2026-01-06 03:46:16+00:00,2026-01-06 03:48:48.729263+00:00,76.0,93808.681,93806.55,93814.33,BTC
2026-01-06 03:46:17+00:00,2026-01-06 03:48:49.717517+00:00,77.0,93808.681,93806.5,93814.34,BTC
2026-01-06 03:46:18+00:00,2026-01-06 03:48:50.719528+00:00,78.0,93808.371,93806.22,93813.9,BTC
2026-01-06 03:46:19+00:00,2026-01-06 03:48:51.735349+00:00,79.0,93805.841,93802.95,93811.31,BTC
2026-01-06 03:46:20+00:00,2026-01-06 03:48:52.734425+00:00,80.0,93803.641,93799.95,93809.16,BTC
2026-01-06 03:46:21+00:00,2026-01-06 03:48:53.750524+00:00,81.0,93803.481,93799.95,93808.93,BTC
2026-01-06 03:46:22+00:00,2026-01-06 03:48:54.750568+00:00,82.0,93803.511,93799.95,93808.98,BTC
2026-01-06 03:46:23+00:00,2026-01-06 03:48:55.750342+00:00,83.0,93803.711,93799.95,93809.29,BTC
2026-01-06 03:46:24+00:00,2026-01-06 03:48:56.754212+00:00,84.0,93804.701,93801.0,93810.21,BTC
2026-01-06 03:46:25+00:00,2026-01-06 03:48:57.749084+00:00,85.0,93805.681,93802.05,93811.12,BTC
2026-01-06 03:46:26+00:00,2026-01-06 03:48:58.764580+00:00,86.0,93805.731,93802.23,93811.15,BTC
2026-01-06 03:46:27+00:00,2026-01-06 03:48:59.776830+00:00,87.0,93806.151,93802.44,93811.52,BTC
2026-01-06 03:46:28+00:00,2026-01-06 03:49:00.780109+00:00,88.0,93806.421,93802.16,93811.85,BTC
2026-01-06 03:46:29+00:00,2026-01-06 03:49:01.785088+00:00,89.0,93806.381,93801.85,93811.83,BTC
2026-01-06 03:46:30+00:00,2026-01-06 03:49:02.783719+00:00,90.0,93806.721,93802.0,93811.77,BTC
2026-01-06 03:46:31+00:00,2026-01-06 03:49:03.796148+00:00,91.0,93806.951,93802.15,93811.63,BTC
2026-01-06 03:46:32+00:00,2026-01-06 03:49:04.797166+00:00,92.0,93806.771,93801.8,93811.63,BTC
2026-01-06 03:46:33+00:00,2026-01-06 03:49:05.814077+00:00,93.0,93806.761,93801.9,93811.61,BTC
2026-01-06 03:46:34+00:00,2026-01-06 03:49:06.817928+00:00,94.0,93806.851,93802.34,93811.5,BTC
2026-01-06 03:46:35+00:00,2026-01-06 03:49:07.812406+00:00,95.0,93806.831,93802.34,93811.5,BTC
2026-01-06 03:46:36+00:00,2026-01-06 03:49:08.830504+00:00,96.0,93806.781,93802.1,93811.41,BTC
2026-01-06 03:46:37+00:00,2026-01-06 03:49:09.829928+00:00,97.0,93805.651,93801.05,93810.29,BTC
2026-01-06 03:46:38+00:00,2026-01-06 03:49:10.834020+00:00,98.0,93804.511,93800.0,93809.22,BTC
2026-01-06 03:46:39+00:00,2026-01-06 03:49:11.848112+00:00,99.0,93804.371,93799.65,93809.1,BTC
2026-01-06 03:46:40+00:00,2026-01-06 03:49:12.851451+00:00,100.0,93804.191,93799.45,93808.95,BTC
2026-01-06 03:46:41+00:00,2026-01-06 03:49:13.853264+00:00,101.0,93804.031,93799.34,93808.81,BTC
2026-01-06 03:46:42+00:00,2026-01-06 03:49:14.864525+00:00,102.0,93803.981,93799.33,93808.75,BTC
2026-01-06 03:46:43+00:00,2026-01-06 03:49:15.885633+00:00,103.0,93804.011,93799.34,93808.78,BTC
2026-01-06 03:46:44+00:00,2026-01-06 03:49:16.900731+00:00,104.0,93804.051,93799.34,93808.83,BTC
2026-01-06 03:46:45+00:00,2026-01-06 03:49:17.902515+00:00,105.0,93803.931,93799.33,93808.67,BTC
2026-01-06 03:46:46+00:00,2026-01-06 03:49:18.981688+00:00,106.0,93803.781,93799.33,93808.48,BTC
2026-01-06 03:46:47+00:00,2026-01-06 03:49:19.996181+00:00,107.0,93803.791,93799.33,93808.49,BTC
2026-01-06 03:46:48+00:00,2026-01-06 03:49:21.016418+00:00,108.0,93803.811,93799.33,93808.52,BTC
2026-01-06 03:46:49+00:00,2026-01-06 03:49:22.014624+00:00,109.0,93803.811,93799.33,93808.51,BTC
2026-01-06 03:46:50+00:00,2026-01-06 03:49:22.998257+00:00,110.0,93803.801,93799.33,93808.5,BTC
2026-01-06 03:46:51+00:00,2026-01-06 03:49:24.021474+00:00,111.0,93803.761,93799.34,93808.48,BTC
2026-01-06 03:46:52+00:00,2026-01-06 03:49:25.016931+00:00,112.0,93803.721,93799.34,93808.46,BTC
2026-01-06 03:46:53+00:00,2026-01-06 03:49:26.022348+00:00,113.0,93803.921,93799.41,93808.62,BTC
2026-01-06 03:46:54+00:00,2026-01-06 03:49:27.033645+00:00,114.0,93804.171,93799.49,93808.86,BTC
2026-01-06 03:46:55+00:00,2026-01-06 03:49:28.046462+00:00,115.0,93804.231,93799.51,93808.94,BTC
2026-01-06 03:46:56+00:00,2026-01-06 03:49:29.048990+00:00,116.0,93804.161,93799.45,93808.86,BTC
2026-01-06 03:46:57+00:00,2026-01-06 03:49:30.052223+00:00,117.0,93804.091,93799.4,93808.78,BTC
2026-01-06 03:46:58+00:00,2026-01-06 03:49:31.048306+00:00,118.0,93804.101,93799.41,93808.79,BTC
2026-01-06 03:46:59+00:00,2026-01-06 03:49:32.047329+00:00,119.0,93804.091,93799.41,93808.78,BTC
2026-01-06 03:47:00+00:00,2026-01-06 03:49:33.048964+00:00,120.0,93804.071,93799.38,93808.77,BTC
2026-01-06 03:47:01+00:00,2026-01-06 03:49:34.063047+00:00,121.0,93804.051,93799.35,93808.76,BTC
2026-01-06 03:47:02+00:00,2026-01-06 03:49:35.081781+00:00,122.0,93804.141,93799.47,93808.86,BTC
2026-01-06 03:47:03+00:00,2026-01-06 03:49:36.066004+00:00,123.0,93804.231,93799.59,93808.96,BTC
2026-01-06 03:47:04+00:00,2026-01-06 03:49:37.066421+00:00,124.0,93803.871,93799.6,93808.56,BTC
2026-01-06 03:47:05+00:00,2026-01-06 03:49:38.082052+00:00,125.0,93803.871,93799.6,93808.56,BTC
2026-01-06 03:47:06+00:00,2026-01-06 03:49:39.077285+00:00,126.0,93803.781,93799.65,93808.48,BTC
2026-01-06 03:47:07+00:00,2026-01-06 03:49:40.081040+00:00,127.0,93804.201,93799.65,93808.85,BTC
2026-01-06 03:47:08+00:00,2026-01-06 03:49:41.080979+00:00,128.0,93804.201,93799.65,93808.85,BTC
2026-01-06 03:47:09+00:00,2026-01-06 03:49:42.078628+00:00,129.0,93797.74,93792.76,93802.84,BTC
2026-01-06 03:47:10+00:00,2026-01-06 03:49:43.095131+00:00,130.0,93797.72,93792.76,93802.68,BTC
2026-01-06 03:47:11+00:00,2026-01-06 03:49:44.132481+00:00,131.0,93797.27,93792.1,93802.52,BTC
2026-01-06 03:47:12+00:00,2026-01-06 03:49:45.129826+00:00,132.0,93797.27,93792.1,93802.41,BTC
2026-01-06 03:47:13+00:00,2026-01-06 03:49:46.129033+00:00,133.0,93794.45,93789.59,93799.59,BTC
2026-01-06 03:47:14+00:00,2026-01-06 03:49:47.112731+00:00,134.0,93794.45,93789.31,93799.55,BTC
2026-01-06 03:47:15+00:00,2026-01-06 03:49:48.109628+00:00,135.0,93794.18,93789.07,93799.3,BTC
2026-01-06 03:47:16+00:00,2026-01-06 03:49:49.123661+00:00,136.0,93791.35,93786.23,93796.47,BTC
2026-01-06 03:47:17+00:00,2026-01-06 03:49:50.146360+00:00,137.0,93791.17,93785.72,93796.02,BTC
2026-01-06 03:47:18+00:00,2026-01-06 03:49:51.200827+00:00,138.0,93790.75,93785.32,93796.11,BTC
2026-01-06 03:47:19+00:00,2026-01-06 03:49:52.213005+00:00,139.0,93790.69,93785.26,93795.01,BTC
2026-01-06 03:47:20+00:00,2026-01-06 03:49:53.229046+00:00,140.0,93790.69,93785.26,93795.01,BTC
2026-01-06 03:47:21+00:00,2026-01-06 03:49:54.235180+00:00,141.0,93789.48,93785.03,93793.77,BTC
2026-01-06 03:47:22+00:00,2026-01-06 03:49:55.284307+00:00,142.0,93786.42,93781.49,93791.27,BTC
2026-01-06 03:47:23+00:00,2026-01-06 03:49:56.312159+00:00,143.0,93783.36,93777.94,93788.78,BTC
2026-01-06 03:47:24+00:00,2026-01-06 03:49:57.284419+00:00,144.0,93783.23,93777.82,93788.65,BTC
2026-01-06 03:47:25+00:00,2026-01-06 03:49:58.284078+00:00,145.0,93783.09,93777.63,93788.52,BTC
2026-01-06 03:47:26+00:00,2026-01-06 03:49:59.276831+00:00,146.0,93783.06,93777.61,93788.49,BTC
2026-01-06 03:47:27+00:00,2026-01-06 03:50:00.286788+00:00,147.0,93783.06,93777.66,93788.46,BTC
2026-01-06 03:47:28+00:00,2026-01-06 03:50:01.301750+00:00,148.0,93783.02,93777.62,93788.43,BTC
2026-01-06 03:47:29+00:00,2026-01-06 03:50:02.295597+00:00,149.0,93782.51,93777.15,93787.87,BTC
2026-01-06 03:47:30+00:00,2026-01-06 03:50:03.296264+00:00,150.0,93782.51,93777.15,93787.87,BTC
2026-01-06 03:47:31+00:00,2026-01-06 03:50:04.298208+00:00,151.0,93782.42,93777.03,93787.82,BTC
2026-01-06 03:47:32+00:00,2026-01-06 03:50:05.319750+00:00,152.0,93782.42,93777.03,93787.82,BTC
2026-01-06 03:47:33+00:00,2026-01-06 03:50:06.326582+00:00,153.0,93782.42,93777.03,93787.82,BTC
2026-01-06 03:47:34+00:00,2026-01-06 03:50:07.330701+00:00,154.0,93782.41,93776.98,93787.85,BTC
2026-01-06 03:47:35+00:00,2026-01-06 03:50:08.328307+00:00,155.0,93782.49,93777.03,93787.96,BTC
2026-01-06 03:47:36+00:00,2026-01-06 03:50:09.356753+00:00,156.0,93782.49,93776.72,93787.22,BTC
2026-01-06 03:47:37+00:00,2026-01-06 03:50:10.346974+00:00,157.0,93782.49,93776.72,93787.22,BTC
2026-01-06 03:47:38+00:00,2026-01-06 03:50:11.353689+00:00,158.0,93782.49,93777.0,93787.84,BTC
2026-01-06 03:47:39+00:00,2026-01-06 03:50:12.384744+00:00,159.0,93782.42,93777.0,93787.87,BTC
2026-01-06 03:47:40+00:00,2026-01-06 03:50:13.384580+00:00,160.0,93782.43,93777.11,93787.74,BTC
2026-01-06 03:47:41+00:00,2026-01-06 03:50:14.412015+00:00,161.0,93782.31,93777.05,93787.57,BTC
2026-01-06 03:47:42+00:00,2026-01-06 03:50:15.412737+00:00,162.0,93782.3,93777.03,93787.57,BTC
2026-01-06 03:47:43+00:00,2026-01-06 03:50:16.415703+00:00,163.0,93782.3,93777.03,93787.56,BTC
2026-01-06 03:47:44+00:00,2026-01-06 03:50:17.438486+00:00,164.0,93782.3,93777.03,93787.56,BTC
2026-01-06 03:47:45+00:00,2026-01-06 03:50:18.435795+00:00,165.0,93782.3,93777.04,93787.56,BTC
2026-01-06 03:47:46+00:00,2026-01-06 03:50:19.443469+00:00,166.0,93782.3,93777.04,93787.56,BTC
2026-01-06 03:47:47+00:00,2026-01-06 03:50:20.443433+00:00,167.0,93782.29,93777.02,93787.56,BTC
2026-01-06 03:47:48+00:00,2026-01-06 03:50:21.442630+00:00,168.0,93778.42,93773.26,93783.58,BTC
2026-01-06 03:47:49+00:00,2026-01-06 03:50:22.430507+00:00,169.0,93778.42,93773.26,93782.48,BTC
2026-01-06 03:47:50+00:00,2026-01-06 03:50:23.435363+00:00,170.0,93778.42,93773.26,93782.48,BTC
2026-01-06 03:47:51+00:00,2026-01-06 03:50:24.443257+00:00,171.0,93778.38,93772.82,93781.63,BTC
2026-01-06 03:47:52+00:00,2026-01-06 03:50:25.450956+00:00,172.0,93778.38,93772.79,93781.14,BTC
2026-01-06 03:47:53+00:00,2026-01-06 03:50:26.462620+00:00,173.0,93777.94,93772.36,93780.72,BTC
2026-01-06 03:47:54+00:00,2026-01-06 03:50:27.476491+00:00,174.0,93778.33,93772.67,93781.09,BTC
2026-01-06 03:47:55+00:00,2026-01-06 03:50:28.462327+00:00,175.0,93774.76,93770.03,93777.36,BTC
2026-01-06 03:47:56+00:00,2026-01-06 03:50:29.451831+00:00,176.0,93774.71,93769.99,93777.79,BTC
2026-01-06 03:47:57+00:00,2026-01-06 03:50:30.460032+00:00,177.0,93774.66,93769.92,93777.22,BTC
2026-01-06 03:47:58+00:00,2026-01-06 03:50:31.481057+00:00,178.0,93773.95,93769.19,93776.94,BTC
2026-01-06 03:47:59+00:00,2026-01-06 03:50:32.497643+00:00,179.0,93773.25,93768.46,93776.66,BTC
2026-01-06 03:48:00+00:00,2026-01-06 03:50:33.510791+00:00,180.0,93771.78,93766.04,93774.37,BTC
2026-01-06 03:48:01+00:00,2026-01-06 03:50:34.511957+00:00,181.0,93768.77,93764.05,93771.13,BTC
2026-01-06 03:48:02+00:00,2026-01-06 03:50:35.533355+00:00,182.0,93768.0,93762.67,93771.07,BTC
2026-01-06 03:48:03+00:00,2026-01-06 03:50:36.530775+00:00,183.0,93763.94,93758.49,93768.89,BTC
2026-01-06 03:48:04+00:00,2026-01-06 03:50:37.549539+00:00,184.0,93761.71,93756.61,93765.4,BTC
2026-01-06 03:48:05+00:00,2026-01-06 03:50:38.565785+00:00,185.0,93760.95,93755.82,93765.16,BTC
2026-01-06 03:48:06+00:00,2026-01-06 03:50:39.560240+00:00,186.0,93757.68,93752.75,93761.33,BTC
2026-01-06 03:48:07+00:00,2026-01-06 03:50:40.583618+00:00,187.0,93754.76,93749.46,93760.06,BTC
2026-01-06 03:48:08+00:00,2026-01-06 03:50:41.591572+00:00,188.0,93754.73,93749.42,93760.03,BTC
2026-01-06 03:48:09+00:00,2026-01-06 03:50:42.599455+00:00,189.0,93754.63,93749.38,93759.62,BTC
2026-01-06 03:48:10+00:00,2026-01-06 03:50:43.595142+00:00,190.0,93754.64,93749.33,93759.72,BTC
2026-01-06 03:48:11+00:00,2026-01-06 03:50:44.594823+00:00,191.0,93754.59,93749.34,93759.69,BTC
2026-01-06 03:48:12+00:00,2026-01-06 03:50:45.608658+00:00,192.0,93754.77,93749.46,93760.07,BTC
2026-01-06 03:48:13+00:00,2026-01-06 03:50:46.611482+00:00,193.0,93754.74,93749.43,93760.05,BTC
2026-01-06 03:48:14+00:00,2026-01-06 03:50:47.608364+00:00,194.0,93755.95,93750.64,93761.26,BTC
2026-01-06 03:48:15+00:00,2026-01-06 03:50:49.642870+00:00,195.0,93761.05,93756.84,93765.86,BTC
2026-01-06 03:48:16+00:00,2026-01-06 03:50:50.645897+00:00,196.0,93761.04,93757.14,93765.86,BTC
2026-01-06 03:48:17+00:00,2026-01-06 03:50:51.645914+00:00,197.0,93761.04,93757.3,93765.86,BTC
2026-01-06 03:48:18+00:00,2026-01-06 03:50:52.646842+00:00,198.0,93761.02,93757.29,93765.84,BTC
2026-01-06 03:48:19+00:00,2026-01-06 03:50:53.657456+00:00,199.0,93761.04,93757.25,93765.94,BTC
2026-01-06 03:48:20+00:00,2026-01-06 03:50:54.648804+00:00,200.0,93761.09,93757.23,93766.07,BTC
2026-01-06 03:48:21+00:00,2026-01-06 03:50:55.643275+00:00,201.0,93761.09,93757.22,93766.07,BTC
2026-01-06 03:48:22+00:00,2026-01-06 03:50:56.658951+00:00,202.0,93760.98,93756.67,93765.92,BTC
2026-01-06 03:48:23+00:00,2026-01-06 03:50:57.647013+00:00,203.0,93759.8,93754.97,93765.59,BTC
2026-01-06 03:48:24+00:00,2026-01-06 03:50:58.651480+00:00,204.0,93758.18,93753.0,93763.61,BTC
2026-01-06 03:48:25+00:00,2026-01-06 03:50:59.659602+00:00,205.0,93757.63,93752.18,93761.8,BTC
2026-01-06 03:48:26+00:00,2026-01-06 03:51:00.675634+00:00,206.0,93757.98,93752.81,93762.55,BTC
2026-01-06 03:48:27+00:00,2026-01-06 03:51:01.665085+00:00,207.0,93758.35,93753.46,93763.28,BTC
2026-01-06 03:48:28+00:00,2026-01-06 03:51:02.661032+00:00,208.0,93758.38,93753.49,93763.26,BTC
2026-01-06 03:48:29+00:00,2026-01-06 03:51:03.679768+00:00,209.0,93758.37,93753.49,93763.26,BTC
2026-01-06 03:48:30+00:00,2026-01-06 03:51:04.681494+00:00,210.0,93758.32,93753.43,93763.23,BTC
2026-01-06 03:48:32+00:00,2026-01-06 03:51:05.718411+00:00,212.0,93758.28,93753.37,93763.19,BTC
2026-01-06 03:48:33+00:00,2026-01-06 03:51:06.736787+00:00,213.0,93758.26,93753.31,93763.21,BTC
2026-01-06 03:48:34+00:00,2026-01-06 03:51:07.738799+00:00,214.0,93758.26,93753.32,93763.19,BTC
2026-01-06 03:48:35+00:00,2026-01-06 03:51:08.754923+00:00,215.0,93758.25,93753.32,93763.19,BTC
2026-01-06 03:48:36+00:00,2026-01-06 03:51:09.761475+00:00,216.0,93758.25,93753.32,93763.19,BTC
2026-01-06 03:48:37+00:00,2026-01-06 03:51:10.780168+00:00,217.0,93758.24,93753.3,93763.17,BTC
2026-01-06 03:48:38+00:00,2026-01-06 03:51:11.782026+00:00,218.0,93758.23,93753.28,93763.18,BTC
2026-01-06 03:48:39+00:00,2026-01-06 03:51:12.803455+00:00,219.0,93758.23,93753.28,93763.18,BTC
2026-01-06 03:48:40+00:00,2026-01-06 03:51:13.793763+00:00,220.0,93758.38,93753.45,93763.3,BTC
2026-01-06 03:48:41+00:00,2026-01-06 03:51:14.812634+00:00,221.0,93758.37,93753.45,93763.29,BTC
2026-01-06 03:48:42+00:00,2026-01-06 03:51:15.815825+00:00,222.0,93758.2,93753.0,93762.76,BTC
2026-01-06 03:48:43+00:00,2026-01-06 03:51:16.826261+00:00,223.0,93758.2,93753.2,93762.76,BTC
2026-01-06 03:48:44+00:00,2026-01-06 03:51:17.829399+00:00,224.0,93758.35,93753.45,93763.25,BTC
2026-01-06 03:48:45+00:00,2026-01-06 03:51:18.846553+00:00,225.0,93758.3,93753.38,93763.21,BTC
2026-01-06 03:48:46+00:00,2026-01-06 03:51:19.825825+00:00,226.0,93758.24,93752.91,93763.19,BTC
2026-01-06 03:48:47+00:00,2026-01-06 03:51:20.845269+00:00,227.0,93758.17,93752.58,93762.61,BTC
2026-01-06 03:48:48+00:00,2026-01-06 03:51:21.861088+00:00,228.0,93758.17,93752.9,93763.26,BTC
2026-01-06 03:48:49+00:00,2026-01-06 03:51:22.864905+00:00,229.0,93758.05,93752.96,93763.15,BTC
2026-01-06 03:48:50+00:00,2026-01-06 03:51:23.862578+00:00,230.0,93758.06,93752.76,93763.05,BTC
2026-01-06 03:48:51+00:00,2026-01-06 03:51:24.883866+00:00,231.0,93758.06,93752.66,93763.0,BTC
2026-01-06 03:48:52+00:00,2026-01-06 03:51:25.892425+00:00,232.0,93758.08,93752.66,93763.0,BTC
2026-01-06 03:48:53+00:00,2026-01-06 03:51:26.911475+00:00,233.0,93758.07,93752.96,93763.19,BTC
2026-01-06 03:48:54+00:00,2026-01-06 03:51:27.910271+00:00,234.0,93757.42,93751.66,93762.04,BTC
2026-01-06 03:48:55+00:00,2026-01-06 03:51:28.911158+00:00,235.0,93757.42,93751.66,93762.04,BTC
2026-01-06 03:48:56+00:00,2026-01-06 03:51:29.913985+00:00,236.0,93757.35,93751.57,93762.02,BTC
2026-01-06 03:48:57+00:00,2026-01-06 03:51:30.923159+00:00,237.0,93758.06,93752.93,93763.2,BTC
2026-01-06 03:48:58+00:00,2026-01-06 03:51:31.918984+00:00,238.0,93758.06,93752.93,93763.12,BTC
2026-01-06 03:48:59+00:00,2026-01-06 03:51:32.939985+00:00,239.0,93757.36,93751.68,93762.88,BTC
2026-01-06 03:49:00+00:00,2026-01-06 03:51:33.943360+00:00,240.0,93755.02,93748.61,93759.71,BTC
2026-01-06 03:49:01+00:00,2026-01-06 03:51:34.948041+00:00,241.0,93755.02,93748.61,93759.71,BTC
2026-01-06 03:49:02+00:00,2026-01-06 03:51:35.963763+00:00,242.0,93752.62,93747.67,93755.65,BTC
2026-01-06 03:49:03+00:00,2026-01-06 03:51:37.978418+00:00,243.0,93752.72,93747.73,93753.29,BTC
2026-01-06 03:49:04+00:00,2026-01-06 03:51:38.992467+00:00,244.0,93752.36,93747.28,93753.36,BTC
2026-01-06 03:49:05+00:00,2026-01-06 03:51:39.995316+00:00,245.0,93752.0,93746.83,93753.43,BTC
2026-01-06 03:49:06+00:00,2026-01-06 03:51:40.997292+00:00,246.0,93752.01,93746.84,93754.35,BTC
2026-01-06 03:49:07+00:00,2026-01-06 03:51:42.007019+00:00,247.0,93752.02,93746.85,93755.96,BTC
2026-01-06 03:49:08+00:00,2026-01-06 03:51:43.012523+00:00,248.0,93752.05,93746.88,93756.62,BTC
2026-01-06 03:49:09+00:00,2026-01-06 03:51:44.024199+00:00,249.0,93752.07,93746.89,93756.71,BTC
2026-01-06 03:49:10+00:00,2026-01-06 03:51:45.035278+00:00,250.0,93751.7,93746.75,93755.81,BTC
2026-01-06 03:49:11+00:00,2026-01-06 03:51:46.046841+00:00,251.0,93750.12,93745.23,93754.25,BTC
2026-01-06 03:49:12+00:00,2026-01-06 03:51:47.043608+00:00,252.0,93748.9,93743.85,93753.74,BTC
2026-01-06 03:49:13+00:00,2026-01-06 03:51:48.061416+00:00,253.0,93748.91,93743.87,93753.8,BTC
2026-01-06 03:49:14+00:00,2026-01-06 03:51:49.060283+00:00,254.0,93748.92,93743.89,93753.86,BTC
2026-01-06 03:49:15+00:00,2026-01-06 03:51:50.060633+00:00,255.0,93748.92,93743.9,93753.92,BTC
2026-01-06 03:49:16+00:00,2026-01-06 03:51:51.088385+00:00,256.0,93748.93,93743.91,93753.95,BTC
2026-01-06 03:49:17+00:00,2026-01-06 03:51:52.096894+00:00,257.0,93748.93,93743.91,93753.95,BTC
2026-01-06 03:49:18+00:00,2026-01-06 03:51:53.111121+00:00,258.0,93748.66,93743.68,93753.63,BTC
2026-01-06 03:49:19+00:00,2026-01-06 03:51:54.113052+00:00,259.0,93748.27,93743.29,93752.52,BTC
2026-01-06 03:49:20+00:00,2026-01-06 03:51:55.120056+00:00,260.0,93748.15,93743.13,93751.78,BTC
2026-01-06 03:49:21+00:00,2026-01-06 03:51:56.130099+00:00,261.0,93748.16,93743.15,93752.1,BTC
2026-01-06 03:49:22+00:00,2026-01-06 03:51:57.122886+00:00,262.0,93748.06,93742.9,93752.31,BTC
2026-01-06 03:49:23+00:00,2026-01-06 03:51:58.144641+00:00,263.0,93747.96,93742.74,93752.27,BTC
2026-01-06 03:49:24+00:00,2026-01-06 03:51:59.140803+00:00,264.0,93748.05,93742.98,93752.22,BTC
2026-01-06 03:49:25+00:00,2026-01-06 03:52:00.157238+00:00,265.0,93748.06,93742.78,93751.24,BTC
2026-01-06 03:49:27+00:00,2026-01-06 03:52:01.199155+00:00,267.0,93747.17,93741.13,93750.36,BTC
2026-01-06 03:49:28+00:00,2026-01-06 03:52:03.202302+00:00,268.0,93747.3,93741.76,93752.56,BTC
2026-01-06 03:49:29+00:00,2026-01-06 03:52:04.213241+00:00,269.0,93747.32,93741.78,93752.77,BTC
2026-01-06 03:49:31+00:00,2026-01-06 03:52:05.266337+00:00,271.0,93747.34,93741.8,93752.87,BTC
2026-01-06 03:49:32+00:00,2026-01-06 03:52:06.289944+00:00,272.0,93747.26,93741.8,93752.87,BTC
2026-01-06 03:49:33+00:00,2026-01-06 03:52:07.263867+00:00,273.0,93747.26,93741.99,93752.64,BTC
2026-01-06 03:49:34+00:00,2026-01-06 03:52:08.287221+00:00,274.0,93747.06,93741.74,93752.38,BTC
2026-01-06 03:49:35+00:00,2026-01-06 03:52:09.275945+00:00,275.0,93747.07,93741.77,93751.37,BTC
2026-01-06 03:49:36+00:00,2026-01-06 03:52:10.271365+00:00,276.0,93747.07,93741.77,93751.24,BTC
2026-01-06 03:49:37+00:00,2026-01-06 03:52:11.261573+00:00,277.0,93747.07,93741.74,93752.41,BTC
2026-01-06 03:49:38+00:00,2026-01-06 03:52:12.284199+00:00,278.0,93747.05,93741.72,93752.39,BTC
2026-01-06 03:49:39+00:00,2026-01-06 03:52:13.276844+00:00,279.0,93747.05,93741.71,93752.39,BTC
2026-01-06 03:49:40+00:00,2026-01-06 03:52:14.290896+00:00,280.0,93747.05,93741.71,93751.59,BTC
2026-01-06 03:49:41+00:00,2026-01-06 03:52:15.289909+00:00,281.0,93747.07,93741.71,93752.39,BTC
2026-01-06 03:49:42+00:00,2026-01-06 03:52:16.302629+00:00,282.0,93747.2,93741.83,93752.57,BTC
2026-01-06 03:49:43+00:00,2026-01-06 03:52:17.304163+00:00,283.0,93747.2,93741.83,93752.57,BTC
2026-01-06 03:49:44+00:00,2026-01-06 03:52:18.327131+00:00,284.0,93747.3,93741.97,93752.43,BTC
2026-01-06 03:49:45+00:00,2026-01-06 03:52:19.332105+00:00,285.0,93747.3,93741.97,93752.25,BTC
2026-01-06 03:49:46+00:00,2026-01-06 03:52:20.340873+00:00,286.0,93747.39,93742.07,93751.58,BTC
2026-01-06 03:49:47+00:00,2026-01-06 03:52:21.353446+00:00,287.0,93747.39,93742.07,93752.7,BTC
2026-01-06 03:49:48+00:00,2026-01-06 03:52:22.376264+00:00,288.0,93747.38,93742.09,93752.35,BTC
2026-01-06 03:49:49+00:00,2026-01-06 03:52:23.373423+00:00,289.0,93747.38,93742.09,93752.35,BTC
2026-01-06 03:49:50+00:00,2026-01-06 03:52:24.381360+00:00,290.0,93747.38,93742.08,93751.96,BTC
2026-01-06 03:49:51+00:00,2026-01-06 03:52:26.383182+00:00,291.0,93747.38,93742.08,93752.32,BTC
2026-01-06 03:49:52+00:00,2026-01-06 03:52:27.377193+00:00,292.0,93747.38,93742.08,93751.72,BTC
2026-01-06 03:49:53+00:00,2026-01-06 03:52:28.376902+00:00,293.0,93747.38,93742.08,93751.9,BTC
2026-01-06 03:49:54+00:00,2026-01-06 03:52:29.394994+00:00,294.0,93747.38,93742.09,93752.68,BTC
2026-01-06 03:49:55+00:00,2026-01-06 03:52:30.400527+00:00,295.0,93747.38,93742.09,93752.68,BTC
2026-01-06 03:49:56+00:00,2026-01-06 03:52:31.421411+00:00,296.0,93747.36,93742.06,93752.69,BTC
2026-01-06 03:49:57+00:00,2026-01-06 03:52:32.437686+00:00,297.0,93747.37,93742.05,93752.7,BTC
2026-01-06 03:49:58+00:00,2026-01-06 03:52:33.444412+00:00,298.0,93747.37,93742.07,93752.26,BTC
2026-01-06 03:49:59+00:00,2026-01-06 03:52:34.439521+00:00,299.0,93747.35,93742.07,93751.83,BTC
2026-01-06 03:50:00+00:00,2026-01-06 03:52:35.456249+00:00,300.0,93747.35,93742.08,93751.64,BTC
2026-01-06 03:50:01+00:00,2026-01-06 03:52:36.461870+00:00,301.0,93745.45,93740.18,93748.7,BTC
2026-01-06 03:50:02+00:00,2026-01-06 03:52:37.442355+00:00,302.0,93743.4,93738.1,93745.95,BTC
2026-01-06 03:50:03+00:00,2026-01-06 03:52:38.461949+00:00,303.0,93741.44,93736.34,93745.21,BTC
2026-01-06 03:50:04+00:00,2026-01-06 03:52:39.489172+00:00,304.0,93739.67,93734.87,93744.47,BTC
2026-01-06 03:50:05+00:00,2026-01-06 03:52:40.483503+00:00,305.0,93739.72,93734.99,93744.46,BTC
2026-01-06 03:50:06+00:00,2026-01-06 03:52:41.493412+00:00,306.0,93739.86,93735.14,93743.71,BTC
2026-01-06 03:50:07+00:00,2026-01-06 03:52:42.510915+00:00,307.0,93739.99,93735.3,93742.97,BTC
2026-01-06 03:50:08+00:00,2026-01-06 03:52:43.524868+00:00,308.0,93740.0,93735.4,93743.74,BTC
2026-01-06 03:50:09+00:00,2026-01-06 03:52:44.524714+00:00,309.0,93740.01,93735.5,93744.51,BTC
2026-01-06 03:50:10+00:00,2026-01-06 03:52:45.526581+00:00,310.0,93739.98,93735.46,93744.26,BTC
2026-01-06 03:50:11+00:00,2026-01-06 03:52:46.540520+00:00,311.0,93739.97,93735.45,93744.07,BTC
2026-01-06 03:50:12+00:00,2026-01-06 03:52:47.542584+00:00,312.0,93739.51,93734.81,93744.03,BTC
2026-01-06 03:50:13+00:00,2026-01-06 03:52:48.561459+00:00,313.0,93739.17,93734.2,93743.57,BTC
2026-01-06 03:50:14+00:00,2026-01-06 03:52:49.575336+00:00,314.0,93739.34,93734.53,93743.48,BTC
2026-01-06 03:50:15+00:00,2026-01-06 03:52:50.592652+00:00,315.0,93739.39,93734.81,93743.82,BTC
2026-01-06 03:50:16+00:00,2026-01-06 03:52:51.575003+00:00,316.0,93739.24,93734.54,93743.89,BTC
2026-01-06 03:50:17+00:00,2026-01-06 03:52:52.604745+00:00,317.0,93739.07,93734.24,93743.89,BTC
2026-01-06 03:50:18+00:00,2026-01-06 03:52:53.601772+00:00,318.0,93739.06,93734.23,93743.79,BTC
2026-01-06 03:50:19+00:00,2026-01-06 03:52:54.591978+00:00,319.0,93739.04,93734.18,93743.81,BTC
2026-01-06 03:50:20+00:00,2026-01-06 03:52:55.589796+00:00,320.0,93739.03,93734.13,93743.92,BTC
2026-01-06 03:50:21+00:00,2026-01-06 03:52:56.638060+00:00,321.0,93737.71,93732.82,93743.91,BTC
2026-01-06 03:50:22+00:00,2026-01-06 03:52:57.660531+00:00,322.0,93736.39,93731.5,93742.44,BTC
2026-01-06 03:50:23+00:00,2026-01-06 03:52:58.658142+00:00,323.0,93736.33,93731.43,93740.41,BTC
2026-01-06 03:50:24+00:00,2026-01-06 03:52:59.658606+00:00,324.0,93736.26,93731.36,93739.83,BTC
2026-01-06 03:50:25+00:00,2026-01-06 03:53:00.675190+00:00,325.0,93736.23,93731.31,93740.0,BTC
2026-01-06 03:50:26+00:00,2026-01-06 03:53:01.675024+00:00,326.0,93736.2,93731.26,93740.15,BTC
2026-01-06 03:50:27+00:00,2026-01-06 03:53:02.673885+00:00,327.0,93736.21,93731.26,93739.4,BTC
2026-01-06 03:50:28+00:00,2026-01-06 03:53:03.691088+00:00,328.0,93736.22,93731.27,93739.11,BTC
2026-01-06 03:50:29+00:00,2026-01-06 03:53:04.707278+00:00,329.0,93736.21,93731.25,93739.85,BTC
2026-01-06 03:50:31+00:00,2026-01-06 03:53:05.870097+00:00,331.0,93736.18,93731.21,93740.15,BTC
2026-01-06 03:50:32+00:00,2026-01-06 03:53:06.900357+00:00,332.0,93736.2,93731.23,93739.25,BTC
2026-01-06 03:50:33+00:00,2026-01-06 03:53:07.923494+00:00,333.0,93738.87,93733.89,93743.84,BTC
2026-01-06 03:50:34+00:00,2026-01-06 03:53:08.905979+00:00,334.0,93739.07,93734.29,93745.21,BTC
2026-01-06 03:50:35+00:00,2026-01-06 03:53:09.922391+00:00,335.0,93751.36,93746.22,93756.5,BTC
2026-01-06 03:50:36+00:00,2026-01-06 03:53:10.942047+00:00,336.0,93751.36,93746.22,93756.5,BTC
2026-01-06 03:50:37+00:00,2026-01-06 03:53:11.940030+00:00,337.0,93753.18,93749.44,93758.44,BTC
2026-01-06 03:50:38+00:00,2026-01-06 03:53:12.936931+00:00,338.0,93753.18,93749.44,93758.44,BTC
2026-01-06 03:50:39+00:00,2026-01-06 03:53:13.956859+00:00,339.0,93754.62,93751.78,93759.63,BTC
2026-01-06 03:50:40+00:00,2026-01-06 03:53:14.968359+00:00,340.0,93754.81,93751.78,93759.88,BTC
2026-01-06 03:50:41+00:00,2026-01-06 03:53:15.987969+00:00,341.0,93756.3,93752.85,93761.39,BTC
2026-01-06 03:50:42+00:00,2026-01-06 03:53:16.997932+00:00,342.0,93756.3,93752.85,93761.39,BTC
2026-01-06 03:50:43+00:00,2026-01-06 03:53:17.996795+00:00,343.0,93758.93,93754.91,93764.27,BTC
2026-01-06 03:50:44+00:00,2026-01-06 03:53:18.988838+00:00,344.0,93758.93,93754.91,93764.27,BTC
2026-01-06 03:50:45+00:00,2026-01-06 03:53:20.009368+00:00,345.0,93758.87,93755.33,93764.29,BTC
2026-01-06 03:50:46+00:00,2026-01-06 03:53:21.005749+00:00,346.0,93758.42,93755.36,93763.87,BTC
2026-01-06 03:50:47+00:00,2026-01-06 03:53:22.007371+00:00,347.0,93758.1,93755.15,93763.53,BTC
2026-01-06 03:50:48+00:00,2026-01-06 03:53:23.028003+00:00,348.0,93758.53,93755.48,93764.02,BTC
2026-01-06 03:50:49+00:00,2026-01-06 03:53:24.038563+00:00,349.0,93758.53,93755.48,93764.02,BTC
2026-01-06 03:50:50+00:00,2026-01-06 03:53:25.056086+00:00,350.0,93758.31,93755.28,93763.76,BTC
2026-01-06 03:50:51+00:00,2026-01-06 03:53:26.059732+00:00,351.0,93758.67,93755.8,93763.98,BTC
2026-01-06 03:50:52+00:00,2026-01-06 03:53:27.074377+00:00,352.0,93758.67,93755.8,93763.98,BTC
2026-01-06 03:50:53+00:00,2026-01-06 03:53:28.085881+00:00,353.0,93758.42,93755.61,93763.73,BTC
2026-01-06 03:50:54+00:00,2026-01-06 03:53:29.093166+00:00,354.0,93758.41,93755.36,93763.73,BTC
2026-01-06 03:50:55+00:00,2026-01-06 03:53:30.101705+00:00,355.0,93759.05,93756.12,93764.28,BTC
2026-01-06 03:50:56+00:00,2026-01-06 03:53:31.106090+00:00,356.0,93759.05,93756.12,93764.11,BTC
2026-01-06 03:50:57+00:00,2026-01-06 03:53:32.126438+00:00,357.0,93758.8,93755.59,93764.14,BTC
2026-01-06 03:50:58+00:00,2026-01-06 03:53:33.140278+00:00,358.0,93758.78,93755.9,93764.15,BTC
2026-01-06 03:50:59+00:00,2026-01-06 03:53:34.157576+00:00,359.0,93758.74,93755.98,93759.91,BTC
2026-01-06 03:51:00+00:00,2026-01-06 03:53:35.159589+00:00,360.0,93754.08,93751.2,93759.57,BTC
2026-01-06 03:51:01+00:00,2026-01-06 03:53:36.176017+00:00,361.0,93754.08,93751.2,93759.57,BTC
2026-01-06 03:51:02+00:00,2026-01-06 03:53:37.166864+00:00,362.0,93753.98,93749.54,93759.11,BTC
2026-01-06 03:51:03+00:00,2026-01-06 03:53:38.219443+00:00,363.0,93753.83,93749.6,93758.79,BTC
2026-01-06 03:51:04+00:00,2026-01-06 03:53:39.221257+00:00,364.0,93754.22,93750.79,93759.3,BTC
2026-01-06 03:51:05+00:00,2026-01-06 03:53:40.213874+00:00,365.0,93754.22,93750.79,93759.3,BTC
2026-01-06 03:51:06+00:00,2026-01-06 03:53:41.218738+00:00,366.0,93754.23,93750.79,93759.32,BTC
2026-01-06 03:51:07+00:00,2026-01-06 03:53:42.206639+00:00,367.0,93754.33,93750.73,93759.47,BTC
2026-01-06 03:51:08+00:00,2026-01-06 03:53:43.202211+00:00,368.0,93754.17,93750.7,93759.28,BTC
2026-01-06 03:51:09+00:00,2026-01-06 03:53:44.221644+00:00,369.0,93753.82,93750.7,93758.76,BTC
2026-01-06 03:51:10+00:00,2026-01-06 03:53:45.217786+00:00,370.0,93757.08,93752.75,93762.75,BTC
2026-01-06 03:51:11+00:00,2026-01-06 03:53:46.220373+00:00,371.0,93754.37,93751.87,93759.34,BTC
2026-01-06 03:51:12+00:00,2026-01-06 03:53:47.236070+00:00,372.0,93754.29,93751.59,93759.22,BTC
2026-01-06 03:51:13+00:00,2026-01-06 03:53:48.252284+00:00,373.0,93754.9,93751.02,93760.11,BTC
2026-01-06 03:51:14+00:00,2026-01-06 03:53:49.256155+00:00,374.0,93754.6,93751.46,93759.6,BTC
2026-01-06 03:51:15+00:00,2026-01-06 03:53:50.266407+00:00,375.0,93754.49,93751.46,93759.53,BTC
2026-01-06 03:51:16+00:00,2026-01-06 03:53:51.276159+00:00,376.0,93754.49,93751.46,93759.52,BTC
2026-01-06 03:51:17+00:00,2026-01-06 03:53:52.285087+00:00,377.0,93754.28,93751.46,93759.45,BTC
2026-01-06 03:51:18+00:00,2026-01-06 03:53:53.302370+00:00,378.0,93754.32,93751.46,93759.29,BTC
2026-01-06 03:51:19+00:00,2026-01-06 03:53:54.308208+00:00,379.0,93754.29,93751.46,93759.22,BTC
2026-01-06 03:51:20+00:00,2026-01-06 03:53:55.323969+00:00,380.0,93754.26,93751.45,93759.18,BTC
2026-01-06 03:51:21+00:00,2026-01-06 03:53:56.322771+00:00,381.0,93754.48,93751.44,93759.47,BTC
2026-01-06 03:51:22+00:00,2026-01-06 03:53:57.323013+00:00,382.0,93754.3,93751.48,93759.47,BTC
2026-01-06 03:51:23+00:00,2026-01-06 03:53:58.308568+00:00,383.0,93754.3,93751.48,93759.47,BTC
2026-01-06 03:51:24+00:00,2026-01-06 03:53:59.339290+00:00,384.0,93754.68,93751.47,93759.98,BTC
2026-01-06 03:51:25+00:00,2026-01-06 03:54:00.340840+00:00,385.0,93754.64,93751.47,93759.97,BTC
2026-01-06 03:51:26+00:00,2026-01-06 03:54:02.356069+00:00,386.0,93754.48,93751.33,93759.69,BTC
2026-01-06 03:51:27+00:00,2026-01-06 03:54:03.355100+00:00,387.0,93754.33,93751.32,93759.42,BTC
2026-01-06 03:51:28+00:00,2026-01-06 03:54:04.387515+00:00,388.0,93754.34,93751.3,93759.42,BTC
2026-01-06 03:51:29+00:00,2026-01-06 03:54:05.387248+00:00,389.0,93754.34,93751.23,93759.44,BTC
2026-01-06 03:51:30+00:00,2026-01-06 03:54:06.400784+00:00,390.0,93754.34,93751.37,93759.44,BTC
2026-01-06 03:51:31+00:00,2026-01-06 03:54:07.391949+00:00,391.0,93761.42,93759.32,93766.21,BTC
2026-01-06 03:51:32+00:00,2026-01-06 03:54:08.389266+00:00,392.0,93770.4,93767.19,93776.37,BTC
2026-01-06 03:51:33+00:00,2026-01-06 03:54:09.414603+00:00,393.0,93774.44,93769.51,93780.8,BTC
2026-01-06 03:51:34+00:00,2026-01-06 03:54:10.405552+00:00,394.0,93776.56,93771.82,93781.83,BTC
2026-01-06 03:51:35+00:00,2026-01-06 03:54:11.405234+00:00,395.0,93776.16,93772.48,93781.81,BTC
2026-01-06 03:51:36+00:00,2026-01-06 03:54:12.403008+00:00,396.0,93775.79,93773.13,93781.81,BTC
2026-01-06 03:51:37+00:00,2026-01-06 03:54:13.422110+00:00,397.0,93775.75,93773.2,93781.71,BTC
2026-01-06 03:51:38+00:00,2026-01-06 03:54:14.419800+00:00,398.0,93775.65,93773.13,93781.58,BTC
2026-01-06 03:51:39+00:00,2026-01-06 03:54:15.434988+00:00,399.0,93775.25,93772.77,93781.03,BTC
2026-01-06 03:51:40+00:00,2026-01-06 03:54:16.453774+00:00,400.0,93774.86,93772.55,93779.96,BTC
2026-01-06 03:51:41+00:00,2026-01-06 03:54:17.491237+00:00,401.0,93770.9,93767.68,93775.65,BTC
2026-01-06 03:51:42+00:00,2026-01-06 03:54:18.471767+00:00,402.0,93766.1,93762.29,93771.64,BTC
2026-01-06 03:51:43+00:00,2026-01-06 03:54:19.484862+00:00,403.0,93763.03,93758.44,93769.01,BTC
2026-01-06 03:51:44+00:00,2026-01-06 03:54:20.516710+00:00,404.0,93760.87,93755.1,93766.63,BTC
2026-01-06 03:51:45+00:00,2026-01-06 03:54:21.520248+00:00,405.0,93760.86,93755.09,93766.51,BTC
2026-01-06 03:51:46+00:00,2026-01-06 03:54:22.531992+00:00,406.0,93759.34,93753.19,93763.58,BTC
2026-01-06 03:51:47+00:00,2026-01-06 03:54:23.537980+00:00,407.0,93757.86,93751.38,93760.78,BTC
2026-01-06 03:51:48+00:00,2026-01-06 03:54:24.556840+00:00,408.0,93759.47,93753.46,93763.7,BTC
2026-01-06 03:51:49+00:00,2026-01-06 03:54:25.579805+00:00,409.0,93761.04,93755.47,93766.61,BTC
2026-01-06 03:51:50+00:00,2026-01-06 03:54:26.588352+00:00,410.0,93761.19,93755.71,93766.54,BTC
2026-01-06 03:51:51+00:00,2026-01-06 03:54:27.599050+00:00,411.0,93761.0,93755.4,93766.6,BTC
2026-01-06 03:51:52+00:00,2026-01-06 03:54:28.590622+00:00,412.0,93761.0,93755.4,93766.6,BTC
2026-01-06 03:51:53+00:00,2026-01-06 03:54:29.607341+00:00,413.0,93760.97,93755.38,93766.46,BTC
2026-01-06 03:51:54+00:00,2026-01-06 03:54:30.605253+00:00,414.0,93761.0,93755.4,93766.6,BTC
2026-01-06 03:51:55+00:00,2026-01-06 03:54:31.617867+00:00,415.0,93761.0,93755.4,93766.6,BTC
2026-01-06 03:51:56+00:00,2026-01-06 03:54:32.627772+00:00,416.0,93769.62,93763.83,93775.49,BTC
2026-01-06 03:51:57+00:00,2026-01-06 03:54:33.636620+00:00,417.0,93769.57,93763.83,93773.98,BTC
2026-01-06 03:51:58+00:00,2026-01-06 03:54:34.654907+00:00,418.0,93766.48,93760.7,93772.36,BTC
2026-01-06 03:51:59+00:00,2026-01-06 03:54:35.667644+00:00,419.0,93768.1,93762.88,93773.81,BTC
2026-01-06 03:52:00+00:00,2026-01-06 03:54:36.743025+00:00,420.0,93768.87,93765.07,93774.01,BTC
2026-01-06 03:52:01+00:00,2026-01-06 03:54:37.726511+00:00,421.0,93766.91,93762.3,93771.2,BTC
2026-01-06 03:52:02+00:00,2026-01-06 03:54:38.758538+00:00,422.0,93766.52,93761.16,93770.81,BTC
2026-01-06 03:52:03+00:00,2026-01-06 03:54:39.733688+00:00,423.0,93765.18,93760.23,93770.04,BTC
2026-01-06 03:52:04+00:00,2026-01-06 03:54:40.747626+00:00,424.0,93763.23,93758.64,93767.88,BTC
2026-01-06 03:52:05+00:00,2026-01-06 03:54:41.736205+00:00,425.0,93762.54,93757.9,93767.32,BTC
2026-01-06 03:52:06+00:00,2026-01-06 03:54:42.728476+00:00,426.0,93762.37,93757.46,93767.28,BTC
2026-01-06 03:52:07+00:00,2026-01-06 03:54:43.753412+00:00,427.0,93762.21,93757.37,93767.05,BTC
2026-01-06 03:52:08+00:00,2026-01-06 03:54:44.749120+00:00,428.0,93762.21,93757.36,93767.05,BTC
2026-01-06 03:52:09+00:00,2026-01-06 03:54:45.747180+00:00,429.0,93762.2,93757.35,93767.05,BTC
2026-01-06 03:52:10+00:00,2026-01-06 03:54:46.749140+00:00,430.0,93762.18,93757.34,93767.03,BTC
2026-01-06 03:52:11+00:00,2026-01-06 03:54:47.761169+00:00,431.0,93762.0,93756.63,93766.39,BTC
2026-01-06 03:52:12+00:00,2026-01-06 03:54:48.777966+00:00,432.0,93761.84,93755.93,93765.77,BTC
2026-01-06 03:52:13+00:00,2026-01-06 03:54:49.805449+00:00,433.0,93762.18,93756.34,93766.17,BTC
2026-01-06 03:52:14+00:00,2026-01-06 03:54:50.801912+00:00,434.0,93762.52,93756.75,93766.57,BTC
2026-01-06 03:52:15+00:00,2026-01-06 03:54:51.798871+00:00,435.0,93759.17,93753.99,93763.95,BTC
2026-01-06 03:52:16+00:00,2026-01-06 03:54:52.816343+00:00,436.0,93759.14,93754.06,93764.25,BTC
2026-01-06 03:52:17+00:00,2026-01-06 03:54:53.818945+00:00,437.0,93759.14,93754.06,93764.25,BTC
2026-01-06 03:52:18+00:00,2026-01-06 03:54:54.821928+00:00,438.0,93759.12,93754.01,93762.95,BTC
2026-01-06 03:52:19+00:00,2026-01-06 03:54:55.817113+00:00,439.0,93759.12,93754.01,93763.09,BTC
2026-01-06 03:52:20+00:00,2026-01-06 03:54:56.833056+00:00,440.0,93759.1,93753.99,93761.25,BTC
2026-01-06 03:52:21+00:00,2026-01-06 03:54:57.823177+00:00,441.0,93759.1,93753.99,93761.25,BTC
2026-01-06 03:52:22+00:00,2026-01-06 03:54:58.855533+00:00,442.0,93758.82,93753.6,93761.71,BTC
2026-01-06 03:52:23+00:00,2026-01-06 03:54:59.862191+00:00,443.0,93758.79,93753.57,93760.73,BTC
2026-01-06 03:52:24+00:00,2026-01-06 03:55:00.848143+00:00,444.0,93754.52,93749.24,93758.87,BTC
2026-01-06 03:52:25+00:00,2026-01-06 03:55:01.864995+00:00,445.0,93754.45,93749.19,93758.87,BTC
2026-01-06 03:52:26+00:00,2026-01-06 03:55:02.869611+00:00,446.0,93752.74,93746.77,93753.67,BTC
2026-01-06 03:52:27+00:00,2026-01-06 03:55:03.882993+00:00,447.0,93752.57,93746.62,93753.48,BTC
2026-01-06 03:52:28+00:00,2026-01-06 03:55:04.919779+00:00,448.0,93752.57,93746.62,93753.48,BTC
2026-01-06 03:52:29+00:00,2026-01-06 03:55:05.899247+00:00,449.0,93749.33,93743.77,93754.41,BTC
2026-01-06 03:52:30+00:00,2026-01-06 03:55:06.889487+00:00,450.0,93749.33,93743.77,93754.41,BTC
2026-01-06 03:52:31+00:00,2026-01-06 03:55:07.911938+00:00,451.0,93752.01,93745.86,93757.94,BTC
2026-01-06 03:52:32+00:00,2026-01-06 03:55:08.900132+00:00,452.0,93752.13,93745.86,93757.95,BTC
2026-01-06 03:52:33+00:00,2026-01-06 03:55:09.911739+00:00,453.0,93752.8,93747.35,93758.26,BTC
2026-01-06 03:52:34+00:00,2026-01-06 03:55:10.901930+00:00,454.0,93752.81,93747.15,93758.26,BTC
2026-01-06 03:52:35+00:00,2026-01-06 03:55:11.913675+00:00,455.0,93752.77,93747.15,93758.17,BTC
2026-01-06 03:52:36+00:00,2026-01-06 03:55:12.905733+00:00,456.0,93752.74,93747.15,93758.14,BTC
2026-01-06 03:52:37+00:00,2026-01-06 03:55:13.919655+00:00,457.0,93752.77,93747.31,93757.78,BTC
2026-01-06 03:52:38+00:00,2026-01-06 03:55:14.955366+00:00,458.0,93752.11,93746.75,93757.46,BTC
2026-01-06 03:52:39+00:00,2026-01-06 03:55:15.939940+00:00,459.0,93752.11,93746.75,93757.46,BTC
2026-01-06 03:52:40+00:00,2026-01-06 03:55:16.944497+00:00,460.0,93752.19,93746.83,93757.56,BTC
2026-01-06 03:52:41+00:00,2026-01-06 03:55:17.944486+00:00,461.0,93752.19,93746.83,93757.56,BTC
2026-01-06 03:52:42+00:00,2026-01-06 03:55:18.955198+00:00,462.0,93752.16,93746.8,93757.52,BTC
2026-01-06 03:52:43+00:00,2026-01-06 03:55:19.957716+00:00,463.0,93752.34,93746.99,93757.69,BTC
2026-01-06 03:52:44+00:00,2026-01-06 03:55:20.979417+00:00,464.0,93752.6,93747.26,93757.94,BTC
2026-01-06 03:52:45+00:00,2026-01-06 03:55:22.001957+00:00,465.0,93752.34,93746.94,93757.9,BTC
2026-01-06 03:52:46+00:00,2026-01-06 03:55:23.006244+00:00,466.0,93752.62,93747.31,93757.93,BTC
2026-01-06 03:52:47+00:00,2026-01-06 03:55:23.986167+00:00,467.0,93752.36,93747.01,93757.77,BTC
2026-01-06 03:52:48+00:00,2026-01-06 03:55:25.006515+00:00,468.0,93752.65,93747.31,93758.0,BTC
2026-01-06 03:52:49+00:00,2026-01-06 03:55:26.004809+00:00,469.0,93752.18,93746.76,93757.62,BTC
2026-01-06 03:52:50+00:00,2026-01-06 03:55:27.002764+00:00,470.0,93752.27,93746.8,93757.68,BTC
2026-01-06 03:52:51+00:00,2026-01-06 03:55:28.003081+00:00,471.0,93752.28,93746.8,93757.75,BTC
2026-01-06 03:52:52+00:00,2026-01-06 03:55:29.018062+00:00,472.0,93752.22,93746.77,93757.67,BTC
2026-01-06 03:52:53+00:00,2026-01-06 03:55:30.019027+00:00,473.0,93752.27,93746.79,93757.74,BTC
2026-01-06 03:52:54+00:00,2026-01-06 03:55:31.025539+00:00,474.0,93752.27,93746.79,93757.74,BTC
2026-01-06 03:52:55+00:00,2026-01-06 03:55:32.051639+00:00,475.0,93752.24,93746.75,93757.72,BTC
2026-01-06 03:52:56+00:00,2026-01-06 03:55:33.051291+00:00,476.0,93751.77,93746.71,93757.17,BTC
2026-01-06 03:52:57+00:00,2026-01-06 03:55:34.049741+00:00,477.0,93751.77,93746.66,93757.18,BTC
2026-01-06 03:52:58+00:00,2026-01-06 03:55:35.072869+00:00,478.0,93751.81,93746.66,93757.26,BTC
2026-01-06 03:52:59+00:00,2026-01-06 03:55:36.065865+00:00,479.0,93752.04,93746.68,93757.5,BTC
2026-01-06 03:53:00+00:00,2026-01-06 03:55:37.084768+00:00,480.0,93751.86,93746.68,93757.23,BTC
2026-01-06 03:53:01+00:00,2026-01-06 03:55:38.095783+00:00,481.0,93752.04,93746.68,93757.49,BTC
2026-01-06 03:53:02+00:00,2026-01-06 03:55:40.118591+00:00,482.0,93751.95,93746.68,93757.53,BTC
2026-01-06 03:53:03+00:00,2026-01-06 03:55:41.144924+00:00,483.0,93750.48,93745.06,93755.25,BTC
2026-01-06 03:53:04+00:00,2026-01-06 03:55:42.135503+00:00,484.0,93748.94,93743.55,93752.81,BTC
2026-01-06 03:53:05+00:00,2026-01-06 03:55:43.147614+00:00,485.0,93748.96,93743.58,93753.33,BTC
2026-01-06 03:53:06+00:00,2026-01-06 03:55:44.146349+00:00,486.0,93748.69,93743.21,93753.98,BTC
2026-01-06 03:53:07+00:00,2026-01-06 03:55:45.148306+00:00,487.0,93748.62,93743.08,93753.77,BTC
2026-01-06 03:53:08+00:00,2026-01-06 03:55:46.152206+00:00,488.0,93748.76,93743.24,93753.94,BTC
2026-01-06 03:53:09+00:00,2026-01-06 03:55:47.165984+00:00,489.0,93746.86,93741.02,93751.37,BTC
2026-01-06 03:53:10+00:00,2026-01-06 03:55:48.165118+00:00,490.0,93746.62,93740.8,93751.11,BTC
2026-01-06 03:53:11+00:00,2026-01-06 03:55:49.152013+00:00,491.0,93748.43,93742.95,93753.91,BTC
2026-01-06 03:53:12+00:00,2026-01-06 03:55:50.148611+00:00,492.0,93748.49,93742.99,93754.0,BTC
2026-01-06 03:53:13+00:00,2026-01-06 03:55:51.153193+00:00,493.0,93748.38,93742.88,93753.88,BTC
2026-01-06 03:53:14+00:00,2026-01-06 03:55:52.151921+00:00,494.0,93748.36,93742.89,93753.83,BTC
2026-01-06 03:53:15+00:00,2026-01-06 03:55:53.153403+00:00,495.0,93748.36,93742.89,93753.83,BTC
2026-01-06 03:53:16+00:00,2026-01-06 03:55:54.152385+00:00,496.0,93748.36,93742.89,93753.83,BTC
2026-01-06 03:53:17+00:00,2026-01-06 03:55:55.167349+00:00,497.0,93748.36,93742.88,93753.84,BTC
2026-01-06 03:53:18+00:00,2026-01-06 03:55:56.167083+00:00,498.0,93748.29,93742.86,93753.72,BTC
2026-01-06 03:53:19+00:00,2026-01-06 03:55:57.170354+00:00,499.0,93748.22,93742.84,93753.6,BTC
2026-01-06 03:53:20+00:00,2026-01-06 03:55:58.184419+00:00,500.0,93749.16,93743.48,93754.83,BTC
2026-01-06 03:53:21+00:00,2026-01-06 03:55:59.196695+00:00,501.0,93749.89,93743.93,93755.85,BTC
2026-01-06 03:53:23+00:00,2026-01-06 03:56:00.292383+00:00,503.0,93749.85,93743.82,93755.88,BTC
2026-01-06 03:53:24+00:00,2026-01-06 03:56:01.243610+00:00,504.0,93749.94,93743.89,93755.99,BTC
2026-01-06 03:53:25+00:00,2026-01-06 03:56:03.243667+00:00,505.0,93750.38,93744.42,93756.35,BTC
2026-01-06 03:53:26+00:00,2026-01-06 03:56:04.251066+00:00,506.0,93750.79,93744.85,93756.66,BTC
2026-01-06 03:53:27+00:00,2026-01-06 03:56:05.257675+00:00,507.0,93751.29,93745.36,93756.89,BTC
2026-01-06 03:53:28+00:00,2026-01-06 03:56:06.251932+00:00,508.0,93751.56,93745.94,93756.93,BTC
2026-01-06 03:53:29+00:00,2026-01-06 03:56:07.261392+00:00,509.0,93751.64,93746.3,93756.99,BTC
2026-01-06 03:53:30+00:00,2026-01-06 03:56:08.267513+00:00,510.0,93752.49,93747.27,93757.7,BTC
2026-01-06 03:53:31+00:00,2026-01-06 03:56:09.276827+00:00,511.0,93753.29,93748.19,93758.4,BTC
2026-01-06 03:53:32+00:00,2026-01-06 03:56:10.284453+00:00,512.0,93753.54,93748.41,93758.67,BTC
2026-01-06 03:53:33+00:00,2026-01-06 03:56:11.288040+00:00,513.0,93753.79,93748.63,93758.94,BTC
2026-01-06 03:53:34+00:00,2026-01-06 03:56:12.302287+00:00,514.0,93753.77,93748.6,93758.94,BTC
2026-01-06 03:53:35+00:00,2026-01-06 03:56:13.301155+00:00,515.0,93753.77,93748.6,93758.94,BTC
2026-01-06 03:53:36+00:00,2026-01-06 03:56:14.299374+00:00,516.0,93753.75,93748.41,93758.93,BTC
2026-01-06 03:53:37+00:00,2026-01-06 03:56:15.315865+00:00,517.0,93753.68,93748.28,93758.85,BTC
2026-01-06 03:53:38+00:00,2026-01-06 03:56:16.302669+00:00,518.0,93753.52,93748.05,93758.82,BTC
2026-01-06 03:53:39+00:00,2026-01-06 03:56:17.312156+00:00,519.0,93753.51,93748.09,93758.85,BTC
2026-01-06 03:53:40+00:00,2026-01-06 03:56:18.316990+00:00,520.0,93753.63,93748.42,93758.85,BTC
