timestamp,data_timestamp_raw,asset,mid,bid,ask,source,is_observed,collected_at
2026-01-06T03:11:35+00:00,03:11:35,XRP,2.397011,2.3968,2.3973,dom,1,2026-01-06T03:12:55.794600+00:00
2026-01-06T03:11:36+00:00,03:11:35,XRP,2.397011,2.3968,2.3973,dom,1,2026-01-06T03:12:56.830967+00:00
2026-01-06T03:11:37+00:00,03:11:35,XRP,2.397112,2.397,2.3974,dom,1,2026-01-06T03:12:59.459974+00:00
2026-01-06T03:11:38+00:00,03:11:35,XRP,2.397212,2.397,2.3975,dom,1,2026-01-06T03:12:59.469302+00:00
2026-01-06T03:11:39+00:00,03:11:35,XRP,2.397212,2.397,2.3975,dom,1,2026-01-06T03:13:00.535710+00:00
2026-01-06T03:11:40+00:00,03:11:35,XRP,2.397212,2.397,2.3975,dom,1,2026-01-06T03:13:01.822350+00:00
2026-01-06T03:11:41+00:00,03:11:35,XRP,2.396911,2.3968,2.3971,dom,1,2026-01-06T03:13:02.972082+00:00
2026-01-06T03:11:42+00:00,03:11:35,XRP,2.396711,2.3965,2.3969,dom,1,2026-01-06T03:13:04.626343+00:00
2026-01-06T03:11:43+00:00,03:11:35,XRP,2.396511,2.3964,2.3968,dom,1,2026-01-06T03:13:06.133034+00:00
2026-01-06T03:11:44+00:00,03:11:35,XRP,2.396611,2.3964,2.3968,dom,1,2026-01-06T03:13:08.236518+00:00
2026-01-06T03:11:45+00:00,03:11:35,XRP,2.396211,2.3959,2.3964,dom,1,2026-01-06T03:13:08.256640+00:00
2026-01-06T03:11:46+00:00,03:11:35,XRP,2.396111,2.3958,2.3963,dom,1,2026-01-06T03:13:09.794172+00:00
2026-01-06T03:11:47+00:00,03:11:35,XRP,2.396111,2.3959,2.3963,dom,1,2026-01-06T03:13:10.792177+00:00
2026-01-06T03:11:48+00:00,03:11:35,XRP,2.396111,2.3959,2.3963,dom,1,2026-01-06T03:13:11.795780+00:00
2026-01-06T03:11:49+00:00,03:11:35,XRP,2.396111,2.3958,2.3963,dom,1,2026-01-06T03:13:12.828279+00:00
2026-01-06T03:11:50+00:00,03:11:35,XRP,2.396011,2.3958,2.3963,dom,1,2026-01-06T03:13:13.814266+00:00
2026-01-06T03:11:51+00:00,03:11:35,XRP,2.395711,2.3956,2.396,dom,1,2026-01-06T03:13:14.862827+00:00
2026-01-06T03:11:52+00:00,03:11:35,XRP,2.395411,2.3953,2.3957,dom,1,2026-01-06T03:13:15.853920+00:00
2026-01-06T03:11:53+00:00,03:11:35,XRP,2.395111,2.395,2.3954,dom,1,2026-01-06T03:13:16.903124+00:00
2026-01-06T03:11:54+00:00,03:11:35,XRP,2.395011,2.3948,2.3951,dom,1,2026-01-06T03:13:18.462933+00:00
2026-01-06T03:11:55+00:00,03:11:35,XRP,2.395311,2.3951,2.3956,dom,1,2026-01-06T03:13:19.910082+00:00
2026-01-06T03:11:56+00:00,03:11:35,XRP,2.395111,2.3949,2.3954,dom,1,2026-01-06T03:13:20.984177+00:00
2026-01-06T03:11:57+00:00,03:11:35,XRP,2.394911,2.3948,2.3952,dom,1,2026-01-06T03:13:21.676241+00:00
2026-01-06T03:11:58+00:00,03:11:35,XRP,2.394911,2.3947,2.3952,dom,1,2026-01-06T03:13:23.067808+00:00
2026-01-06T03:11:59+00:00,03:11:35,XRP,2.394811,2.3946,2.395,dom,1,2026-01-06T03:13:24.687022+00:00
2026-01-06T03:12:00+00:00,03:11:35,XRP,2.394411,2.3942,2.3946,dom,1,2026-01-06T03:13:25.387176+00:00
2026-01-06T03:12:01+00:00,03:11:35,XRP,2.394011,2.3939,2.3942,dom,1,2026-01-06T03:13:26.952398+00:00
2026-01-06T03:12:02+00:00,03:11:35,XRP,2.393711,2.3936,2.394,dom,1,2026-01-06T03:13:28.148323+00:00
2026-01-06T03:12:03+00:00,03:11:35,XRP,2.393911,2.3937,2.3942,dom,1,2026-01-06T03:13:29.543954+00:00
2026-01-06T03:12:04+00:00,03:11:35,XRP,2.393911,2.3937,2.3941,dom,1,2026-01-06T03:13:30.494471+00:00
2026-01-06T03:12:05+00:00,03:11:35,XRP,2.393911,2.3937,2.3941,dom,1,2026-01-06T03:13:31.362716+00:00
2026-01-06T03:12:06+00:00,03:11:35,XRP,2.393911,2.3937,2.3941,dom,1,2026-01-06T03:13:32.193677+00:00
2026-01-06T03:12:07+00:00,03:11:35,XRP,2.393811,2.3936,2.394,dom,1,2026-01-06T03:13:33.651172+00:00
2026-01-06T03:12:08+00:00,03:11:35,XRP,2.393711,2.3936,2.3939,dom,1,2026-01-06T03:13:36.704840+00:00
2026-01-06T03:12:09+00:00,03:11:35,XRP,2.393711,2.3935,2.3941,dom,1,2026-01-06T03:13:36.888866+00:00
2026-01-06T03:12:10+00:00,03:11:35,XRP,2.393711,2.3936,2.3941,dom,1,2026-01-06T03:13:38.074910+00:00
2026-01-06T03:12:11+00:00,03:11:35,XRP,2.393511,2.3933,2.3937,dom,1,2026-01-06T03:13:40.607916+00:00
2026-01-06T03:12:12+00:00,03:11:35,XRP,2.393611,2.3933,2.3939,dom,1,2026-01-06T03:13:40.633654+00:00
2026-01-06T03:12:13+00:00,03:11:35,XRP,2.393711,2.3934,2.3939,dom,1,2026-01-06T03:13:41.720145+00:00
2026-01-06T03:12:14+00:00,03:11:35,XRP,2.393711,2.3935,2.394,dom,1,2026-01-06T03:13:42.833468+00:00
2026-01-06T03:12:15+00:00,03:11:35,XRP,2.394011,2.3938,2.3943,dom,1,2026-01-06T03:13:44.604511+00:00
2026-01-06T03:12:16+00:00,03:11:35,XRP,2.393811,2.3936,2.394,dom,1,2026-01-06T03:13:46.401580+00:00
2026-01-06T03:12:17+00:00,03:11:35,XRP,2.393711,2.3935,2.394,dom,1,2026-01-06T03:13:48.210578+00:00
2026-01-06T03:12:18+00:00,03:11:35,XRP,2.393611,2.3934,2.3939,dom,1,2026-01-06T03:13:48.295000+00:00
2026-01-06T03:12:19+00:00,03:11:35,XRP,2.393611,2.3934,2.3938,dom,1,2026-01-06T03:13:49.387601+00:00
2026-01-06T03:12:20+00:00,03:11:35,XRP,2.393511,2.3933,2.3938,dom,1,2026-01-06T03:13:50.523988+00:00
2026-01-06T03:12:21+00:00,03:11:35,XRP,2.393511,2.3933,2.3938,dom,1,2026-01-06T03:13:51.541839+00:00
2026-01-06T03:12:22+00:00,03:11:35,XRP,2.393111,2.3929,2.3933,dom,1,2026-01-06T03:13:52.792177+00:00
2026-01-06T03:12:23+00:00,03:11:35,XRP,2.393211,2.3929,2.3934,dom,1,2026-01-06T03:13:53.808723+00:00
2026-01-06T03:12:24+00:00,03:12:24,XRP,2.392811,2.3925,2.3929,dom,1,2026-01-06T03:14:44.201512+00:00
2026-01-06T03:12:25+00:00,03:12:25,XRP,2.392811,2.3925,2.393,dom,1,2026-01-06T03:14:45.215806+00:00
2026-01-06T03:12:26+00:00,03:12:26,XRP,2.393311,2.3929,2.3936,dom,1,2026-01-06T03:14:46.197528+00:00
2026-01-06T03:12:27+00:00,03:12:27,XRP,2.393411,2.3932,2.3937,dom,1,2026-01-06T03:14:47.250080+00:00
2026-01-06T03:12:28+00:00,03:12:28,XRP,2.393611,2.3933,2.3938,dom,1,2026-01-06T03:14:48.245565+00:00
2026-01-06T03:12:29+00:00,03:12:29,XRP,2.394011,2.3936,2.3942,dom,1,2026-01-06T03:14:49.387688+00:00
2026-01-06T03:12:30+00:00,03:12:30,XRP,2.393811,2.3935,2.394,dom,1,2026-01-06T03:14:50.388441+00:00
2026-01-06T03:12:31+00:00,03:12:31,XRP,2.393811,2.3936,2.394,dom,1,2026-01-06T03:14:51.683271+00:00
2026-01-06T03:12:32+00:00,03:12:32,XRP,2.393911,2.3935,2.3941,dom,1,2026-01-06T03:14:52.681495+00:00
2026-01-06T03:12:33+00:00,03:12:33,XRP,2.393911,2.3937,2.3943,dom,1,2026-01-06T03:14:53.687412+00:00
2026-01-06T03:12:34+00:00,03:12:34,XRP,2.394411,2.3941,2.3946,dom,1,2026-01-06T03:14:54.769964+00:00
2026-01-06T03:12:35+00:00,03:12:35,XRP,2.394311,2.3941,2.3945,dom,1,2026-01-06T03:14:55.828818+00:00
2026-01-06T03:12:36+00:00,03:12:36,XRP,2.394311,2.394,2.3945,dom,1,2026-01-06T03:14:56.822152+00:00
2026-01-06T03:12:37+00:00,03:12:37,XRP,2.394311,2.394,2.3945,dom,1,2026-01-06T03:14:57.854389+00:00
2026-01-06T03:12:38+00:00,03:12:38,XRP,2.394211,2.394,2.3944,dom,1,2026-01-06T03:14:58.859136+00:00
2026-01-06T03:12:39+00:00,03:12:39,XRP,2.394111,2.3939,2.3943,dom,1,2026-01-06T03:14:59.862963+00:00
2026-01-06T03:12:40+00:00,03:12:40,XRP,2.394011,2.3938,2.3942,dom,1,2026-01-06T03:15:00.905317+00:00
2026-01-06T03:12:41+00:00,03:12:41,XRP,2.393811,2.3937,2.3941,dom,1,2026-01-06T03:15:01.881641+00:00
2026-01-06T03:12:42+00:00,03:12:42,XRP,2.393811,2.3936,2.3939,dom,1,2026-01-06T03:15:02.885640+00:00
2026-01-06T03:12:43+00:00,03:12:43,XRP,2.393711,2.3935,2.3939,dom,1,2026-01-06T03:15:04.020111+00:00
2026-01-06T03:12:44+00:00,03:12:44,XRP,2.393711,2.3935,2.3939,dom,1,2026-01-06T03:15:05.101688+00:00
2026-01-06T03:12:46+00:00,03:12:46,XRP,2.393711,2.3935,2.3939,dom,1,2026-01-06T03:15:06.365028+00:00
2026-01-06T03:12:47+00:00,03:12:47,XRP,2.393711,2.3935,2.3939,dom,1,2026-01-06T03:15:07.751751+00:00
2026-01-06T03:12:48+00:00,03:12:48,XRP,2.393711,2.3935,2.3939,dom,1,2026-01-06T03:15:08.753853+00:00
2026-01-06T03:12:49+00:00,03:12:49,XRP,2.393711,2.3935,2.3939,dom,1,2026-01-06T03:15:09.783026+00:00
2026-01-06T03:12:50+00:00,03:12:50,XRP,2.393711,2.3935,2.3939,dom,1,2026-01-06T03:15:10.813359+00:00
2026-01-06T03:12:51+00:00,03:12:51,XRP,2.393711,2.3935,2.3939,dom,1,2026-01-06T03:15:11.892340+00:00
2026-01-06T03:12:52+00:00,03:12:52,XRP,2.394111,2.394,2.3944,dom,1,2026-01-06T03:15:12.892719+00:00
2026-01-06T03:12:53+00:00,03:12:53,XRP,2.394311,2.394,2.3946,dom,1,2026-01-06T03:15:13.923769+00:00
2026-01-06T03:12:54+00:00,03:12:54,XRP,2.394511,2.3941,2.3946,dom,1,2026-01-06T03:15:15.158577+00:00
2026-01-06T03:12:55+00:00,03:12:55,XRP,2.394411,2.3941,2.3946,dom,1,2026-01-06T03:15:16.217300+00:00
2026-01-06T03:12:56+00:00,03:12:56,XRP,2.394411,2.3942,2.3947,dom,1,2026-01-06T03:15:17.248436+00:00
2026-01-06T03:12:57+00:00,03:12:57,XRP,2.394511,2.3942,2.3947,dom,1,2026-01-06T03:15:18.307014+00:00
2026-01-06T03:12:58+00:00,03:12:58,XRP,2.394511,2.3942,2.3948,dom,1,2026-01-06T03:15:19.880073+00:00
2026-01-06T03:12:59+00:00,03:12:59,XRP,2.394511,2.3943,2.3947,dom,1,2026-01-06T03:15:20.750775+00:00
2026-01-06T03:13:00+00:00,03:13:00,XRP,2.394511,2.3943,2.3948,dom,1,2026-01-06T03:15:21.964489+00:00
2026-01-06T03:13:01+00:00,03:13:01,XRP,2.394611,2.3943,2.3948,dom,1,2026-01-06T03:15:22.462240+00:00
2026-01-06T03:13:02+00:00,03:13:02,XRP,2.395211,2.3949,2.3955,dom,1,2026-01-06T03:15:23.462024+00:00
2026-01-06T03:13:03+00:00,03:13:03,XRP,2.395911,2.3956,2.3963,dom,1,2026-01-06T03:15:24.462967+00:00
2026-01-06T03:13:04+00:00,03:13:04,XRP,2.396111,2.3959,2.3964,dom,1,2026-01-06T03:15:26.041518+00:00
2026-01-06T03:13:06+00:00,03:13:06,XRP,2.396411,2.3961,2.3968,dom,1,2026-01-06T03:15:27.053082+00:00
2026-01-06T03:13:07+00:00,03:13:07,XRP,2.397112,2.3968,2.3974,dom,1,2026-01-06T03:15:28.396358+00:00
2026-01-06T03:13:08+00:00,03:13:08,XRP,2.396911,2.3967,2.3974,dom,1,2026-01-06T03:15:29.392373+00:00
2026-01-06T03:13:09+00:00,03:13:09,XRP,2.397012,2.3969,2.3974,dom,1,2026-01-06T03:15:30.497944+00:00
2026-01-06T03:13:10+00:00,03:13:10,XRP,2.397512,2.3973,2.3978,dom,1,2026-01-06T03:15:31.432748+00:00
2026-01-06T03:13:11+00:00,03:13:11,XRP,2.397412,2.3972,2.3977,dom,1,2026-01-06T03:15:32.670980+00:00
2026-01-06T03:13:12+00:00,03:13:12,XRP,2.397312,2.3972,2.3976,dom,1,2026-01-06T03:15:33.665152+00:00
2026-01-06T03:13:13+00:00,03:13:13,XRP,2.397312,2.3972,2.3976,dom,1,2026-01-06T03:15:34.680901+00:00
2026-01-06T03:13:14+00:00,03:13:14,XRP,2.397212,2.3969,2.3974,dom,1,2026-01-06T03:15:35.762571+00:00
2026-01-06T03:13:15+00:00,03:13:15,XRP,2.397212,2.397,2.3975,dom,1,2026-01-06T03:15:36.757570+00:00
2026-01-06T03:13:16+00:00,03:13:16,XRP,2.397212,2.3971,2.3975,dom,1,2026-01-06T03:15:37.771934+00:00
2026-01-06T03:13:17+00:00,03:13:17,XRP,2.397312,2.3971,2.3977,dom,1,2026-01-06T03:15:38.976169+00:00
2026-01-06T03:13:19+00:00,03:13:19,XRP,2.397412,2.3973,2.3978,dom,1,2026-01-06T03:15:40.304953+00:00
2026-01-06T03:13:20+00:00,03:13:20,XRP,2.397512,2.3974,2.3979,dom,1,2026-01-06T03:15:41.371839+00:00
2026-01-06T03:13:21+00:00,03:13:21,XRP,2.397912,2.3977,2.3981,dom,1,2026-01-06T03:15:42.379389+00:00
2026-01-06T03:13:22+00:00,03:13:22,XRP,2.397812,2.3977,2.3982,dom,1,2026-01-06T03:15:43.391688+00:00
2026-01-06T03:13:23+00:00,03:13:23,XRP,2.397912,2.3978,2.3981,dom,1,2026-01-06T03:15:44.826387+00:00
2026-01-06T03:13:24+00:00,03:13:24,XRP,2.397812,2.3977,2.3981,dom,1,2026-01-06T03:15:45.824272+00:00
2026-01-06T03:13:25+00:00,03:13:25,XRP,2.397812,2.3976,2.3981,dom,1,2026-01-06T03:15:47.239369+00:00
2026-01-06T03:13:26+00:00,03:13:26,XRP,2.397812,2.3976,2.398,dom,1,2026-01-06T03:15:47.852629+00:00
2026-01-06T03:13:27+00:00,03:13:27,XRP,2.397612,2.3974,2.3977,dom,1,2026-01-06T03:15:49.028823+00:00
2026-01-06T03:13:28+00:00,03:13:28,XRP,2.397512,2.3974,2.3978,dom,1,2026-01-06T03:15:49.895047+00:00
2026-01-06T03:13:29+00:00,03:13:29,XRP,2.397612,2.3974,2.3979,dom,1,2026-01-06T03:15:50.890550+00:00
2026-01-06T03:13:30+00:00,03:13:30,XRP,2.397612,2.3974,2.3979,dom,1,2026-01-06T03:15:51.982947+00:00
2026-01-06T03:13:31+00:00,03:13:31,XRP,2.397612,2.3974,2.3979,dom,1,2026-01-06T03:15:53.208517+00:00
2026-01-06T03:13:32+00:00,03:13:32,XRP,2.397512,2.3974,2.3978,dom,1,2026-01-06T03:15:54.181805+00:00
2026-01-06T03:13:33+00:00,03:13:33,XRP,2.397512,2.3974,2.3978,dom,1,2026-01-06T03:15:55.203917+00:00
2026-01-06T03:13:35+00:00,03:13:35,XRP,2.397512,2.3974,2.3978,dom,1,2026-01-06T03:15:56.391525+00:00
2026-01-06T03:13:36+00:00,03:13:36,XRP,2.397412,2.3972,2.3975,dom,1,2026-01-06T03:15:57.303584+00:00
2026-01-06T03:13:37+00:00,03:13:37,XRP,2.396811,2.3966,2.397,dom,1,2026-01-06T03:15:58.409524+00:00
2026-01-06T03:13:38+00:00,03:13:37,XRP,2.396611,2.3965,2.3968,dom,1,2026-01-06T03:15:59.432522+00:00
2026-01-06T03:13:39+00:00,03:13:39,XRP,2.396911,2.3967,2.3974,dom,1,2026-01-06T03:16:00.814211+00:00
2026-01-06T03:13:40+00:00,03:13:40,XRP,2.397212,2.397,2.3977,dom,1,2026-01-06T03:16:01.829090+00:00
2026-01-06T03:13:41+00:00,03:13:41,XRP,2.397612,2.3973,2.3979,dom,1,2026-01-06T03:16:03.125515+00:00
2026-01-06T03:13:42+00:00,03:13:42,XRP,2.398112,2.3978,2.3983,dom,1,2026-01-06T03:16:04.147007+00:00
2026-01-06T03:13:43+00:00,03:13:43,XRP,2.398612,2.3982,2.399,dom,1,2026-01-06T03:16:05.106055+00:00
2026-01-06T03:13:44+00:00,03:13:44,XRP,2.398612,2.3985,2.3989,dom,1,2026-01-06T03:16:06.177291+00:00
2026-01-06T03:13:45+00:00,03:13:45,XRP,2.398512,2.3984,2.3989,dom,1,2026-01-06T03:16:07.154966+00:00
2026-01-06T03:13:46+00:00,03:13:46,XRP,2.398412,2.3982,2.3985,dom,1,2026-01-06T03:16:08.161622+00:00
2026-01-06T03:13:47+00:00,03:13:47,XRP,2.398112,2.3979,2.3984,dom,1,2026-01-06T03:16:09.162211+00:00
2026-01-06T03:13:48+00:00,03:13:48,XRP,2.398112,2.3978,2.3984,dom,1,2026-01-06T03:16:10.261036+00:00
2026-01-06T03:13:49+00:00,03:13:49,XRP,2.398112,2.3979,2.3984,dom,1,2026-01-06T03:16:11.280540+00:00
2026-01-06T03:13:50+00:00,03:13:50,XRP,2.398112,2.3979,2.3984,dom,1,2026-01-06T03:16:12.230981+00:00
2026-01-06T03:13:51+00:00,03:13:51,XRP,2.398112,2.3979,2.3984,dom,1,2026-01-06T03:16:13.225577+00:00
2026-01-06T03:13:52+00:00,03:13:52,XRP,2.398112,2.3979,2.3984,dom,1,2026-01-06T03:16:14.223654+00:00
2026-01-06T03:13:53+00:00,03:13:53,XRP,2.398212,2.3979,2.3984,dom,1,2026-01-06T03:16:15.270984+00:00
2026-01-06T03:13:54+00:00,03:13:54,XRP,2.398212,2.3979,2.3984,dom,1,2026-01-06T03:16:16.473952+00:00
2026-01-06T03:13:56+00:00,03:13:56,XRP,2.398212,2.3979,2.3984,dom,1,2026-01-06T03:16:17.894462+00:00
2026-01-06T03:13:57+00:00,03:13:57,XRP,2.398312,2.398,2.3988,dom,1,2026-01-06T03:16:18.911912+00:00
2026-01-06T03:13:58+00:00,03:13:58,XRP,2.398212,2.3979,2.3984,dom,1,2026-01-06T03:16:19.901997+00:00
2026-01-06T03:13:59+00:00,03:13:59,XRP,2.398112,2.3979,2.3984,dom,1,2026-01-06T03:16:21.045459+00:00
2026-01-06T03:14:00+00:00,03:14:00,XRP,2.398111,2.3979,2.3983,dom,1,2026-01-06T03:16:22.313138+00:00
2026-01-06T03:14:01+00:00,03:14:01,XRP,2.397911,2.3977,2.3981,dom,1,2026-01-06T03:16:23.492059+00:00
2026-01-06T03:14:02+00:00,03:14:02,XRP,2.397711,2.3975,2.398,dom,1,2026-01-06T03:16:24.679776+00:00
2026-01-06T03:14:03+00:00,03:14:03,XRP,2.397711,2.3974,2.398,dom,1,2026-01-06T03:16:25.681975+00:00
2026-01-06T03:14:05+00:00,03:14:05,XRP,2.397311,2.3971,2.3975,dom,1,2026-01-06T03:16:27.529631+00:00
2026-01-06T03:14:06+00:00,03:14:06,XRP,2.396911,2.3968,2.3971,dom,1,2026-01-06T03:16:28.283100+00:00
2026-01-06T03:14:07+00:00,03:14:07,XRP,2.396811,2.3967,2.3969,dom,1,2026-01-06T03:16:29.121890+00:00
2026-01-06T03:14:08+00:00,03:14:08,XRP,2.396611,2.3964,2.3968,dom,1,2026-01-06T03:16:30.353555+00:00
2026-01-06T03:14:09+00:00,03:14:09,XRP,2.396611,2.3964,2.3968,dom,1,2026-01-06T03:16:31.727942+00:00
2026-01-06T03:14:10+00:00,03:14:10,XRP,2.396611,2.3964,2.3968,dom,1,2026-01-06T03:16:32.643103+00:00
2026-01-06T03:14:11+00:00,03:14:11,XRP,2.396611,2.3964,2.3969,dom,1,2026-01-06T03:16:33.633434+00:00
2026-01-06T03:14:12+00:00,03:14:12,XRP,2.396711,2.3964,2.397,dom,1,2026-01-06T03:16:34.758227+00:00
2026-01-06T03:14:13+00:00,03:14:13,XRP,2.396711,2.3964,2.3969,dom,1,2026-01-06T03:16:35.698255+00:00
2026-01-06T03:14:14+00:00,03:14:14,XRP,2.396611,2.3964,2.3968,dom,1,2026-01-06T03:16:36.853158+00:00
2026-01-06T03:14:15+00:00,03:14:15,XRP,2.396111,2.3959,2.3962,dom,1,2026-01-06T03:16:37.699227+00:00
2026-01-06T03:14:16+00:00,03:14:16,XRP,2.395511,2.3953,2.3957,dom,1,2026-01-06T03:16:38.764733+00:00
2026-01-06T03:14:17+00:00,03:14:17,XRP,2.395011,2.3948,2.3953,dom,1,2026-01-06T03:16:39.749536+00:00
2026-01-06T03:14:19+00:00,03:14:19,XRP,2.394611,2.3943,2.3947,dom,1,2026-01-06T03:16:41.278847+00:00
2026-01-06T03:14:20+00:00,03:14:20,XRP,2.394511,2.3943,2.3948,dom,1,2026-01-06T03:16:42.751382+00:00
2026-01-06T03:14:22+00:00,03:14:22,XRP,2.394711,2.3945,2.3951,dom,1,2026-01-06T03:16:44.169867+00:00
2026-01-06T03:14:23+00:00,03:14:23,XRP,2.395311,2.3951,2.3956,dom,1,2026-01-06T03:16:45.281657+00:00
2026-01-06T03:14:24+00:00,03:14:24,XRP,2.395311,2.3951,2.3955,dom,1,2026-01-06T03:16:45.874268+00:00
2026-01-06T03:14:25+00:00,03:14:25,XRP,2.395311,2.3951,2.3956,dom,1,2026-01-06T03:16:47.180442+00:00
2026-01-06T03:14:26+00:00,03:14:26,XRP,2.395311,2.395,2.3955,dom,1,2026-01-06T03:16:48.200156+00:00
2026-01-06T03:14:27+00:00,03:14:27,XRP,2.395311,2.395,2.3955,dom,1,2026-01-06T03:16:49.187937+00:00
2026-01-06T03:14:28+00:00,03:14:28,XRP,2.395211,2.395,2.3955,dom,1,2026-01-06T03:16:50.716850+00:00
2026-01-06T03:14:29+00:00,03:14:29,XRP,2.395211,2.3951,2.3955,dom,1,2026-01-06T03:16:52.667857+00:00
2026-01-06T03:14:31+00:00,03:14:31,XRP,2.395311,2.3951,2.3955,dom,1,2026-01-06T03:16:53.825105+00:00
2026-01-06T03:14:32+00:00,03:14:32,XRP,2.395311,2.3951,2.3955,dom,1,2026-01-06T03:16:54.705420+00:00
2026-01-06T03:14:33+00:00,03:14:33,XRP,2.395311,2.3951,2.3955,dom,1,2026-01-06T03:16:55.878548+00:00
2026-01-06T03:14:34+00:00,03:14:34,XRP,2.395411,2.3951,2.3956,dom,1,2026-01-06T03:16:57.123896+00:00
2026-01-06T03:14:35+00:00,03:14:35,XRP,2.395411,2.3952,2.3957,dom,1,2026-01-06T03:16:58.165693+00:00
2026-01-06T03:14:36+00:00,03:14:36,XRP,2.395411,2.3952,2.3956,dom,1,2026-01-06T03:16:59.192320+00:00
2026-01-06T03:14:37+00:00,03:14:37,XRP,2.395411,2.3952,2.3957,dom,1,2026-01-06T03:17:00.302630+00:00
2026-01-06T03:14:38+00:00,03:14:38,XRP,2.395411,2.3952,2.3956,dom,1,2026-01-06T03:17:02.020216+00:00
2026-01-06T03:14:40+00:00,03:14:40,XRP,2.395411,2.3952,2.3957,dom,1,2026-01-06T03:17:02.394385+00:00
2026-01-06T03:14:41+00:00,03:14:41,XRP,2.395411,2.3952,2.3957,dom,1,2026-01-06T03:17:03.386382+00:00
2026-01-06T03:14:42+00:00,03:14:42,XRP,2.395811,2.3955,2.3965,dom,1,2026-01-06T03:17:04.732699+00:00
2026-01-06T03:14:43+00:00,03:14:43,XRP,2.396411,2.396,2.3967,dom,1,2026-01-06T03:17:05.708093+00:00
2026-01-06T03:14:44+00:00,03:14:44,XRP,2.396611,2.3964,2.397,dom,1,2026-01-06T03:17:07.358344+00:00
2026-01-06T03:14:45+00:00,03:14:45,XRP,2.396611,2.3965,2.397,dom,1,2026-01-06T03:17:07.895095+00:00
2026-01-06T03:14:46+00:00,03:14:46,XRP,2.396611,2.3965,2.397,dom,1,2026-01-06T03:17:08.886502+00:00
2026-01-06T03:14:47+00:00,03:14:47,XRP,2.397211,2.397,2.3976,dom,1,2026-01-06T03:17:09.917859+00:00
2026-01-06T03:14:48+00:00,03:14:48,XRP,2.397511,2.3973,2.3978,dom,1,2026-01-06T03:17:10.888603+00:00
2026-01-06T03:14:49+00:00,03:14:49,XRP,2.397611,2.3974,2.3979,dom,1,2026-01-06T03:17:11.908619+00:00
2026-01-06T03:14:50+00:00,03:14:50,XRP,2.397711,2.3975,2.398,dom,1,2026-01-06T03:17:12.983951+00:00
2026-01-06T03:14:51+00:00,03:14:51,XRP,2.397711,2.3975,2.398,dom,1,2026-01-06T03:17:14.411697+00:00
2026-01-06T03:14:52+00:00,03:14:52,XRP,2.397711,2.3975,2.398,dom,1,2026-01-06T03:17:15.484706+00:00
2026-01-06T03:14:53+00:00,03:14:53,XRP,2.397911,2.3976,2.3981,dom,1,2026-01-06T03:17:16.609693+00:00
2026-01-06T03:14:54+00:00,03:14:54,XRP,2.398011,2.3977,2.3982,dom,1,2026-01-06T03:17:17.678191+00:00
2026-01-06T03:14:55+00:00,03:14:55,XRP,2.398211,2.3979,2.3986,dom,1,2026-01-06T03:17:18.663980+00:00
2026-01-06T03:14:56+00:00,03:14:56,XRP,2.398711,2.3985,2.3991,dom,1,2026-01-06T03:17:19.659347+00:00
2026-01-06T03:14:57+00:00,03:14:57,XRP,2.399411,2.3992,2.3998,dom,1,2026-01-06T03:17:20.714288+00:00
2026-01-06T03:14:58+00:00,03:14:58,XRP,2.399811,2.3995,2.4001,dom,1,2026-01-06T03:17:21.678068+00:00
2026-01-06T03:15:00+00:00,03:15:00,XRP,2.399811,2.3995,2.4001,dom,1,2026-01-06T03:17:23.099719+00:00
2026-01-06T03:15:01+00:00,03:15:01,XRP,2.399811,2.3995,2.4001,dom,1,2026-01-06T03:17:24.381036+00:00
2026-01-06T03:15:02+00:00,03:15:02,XRP,2.399711,2.3994,2.4002,dom,1,2026-01-06T03:17:25.402672+00:00
2026-01-06T03:15:03+00:00,03:15:03,XRP,2.399911,2.3995,2.4007,dom,1,2026-01-06T03:17:26.440023+00:00
2026-01-06T03:15:04+00:00,03:15:04,XRP,2.400512,2.4001,2.4008,dom,1,2026-01-06T03:17:27.443492+00:00
2026-01-06T03:15:05+00:00,03:15:05,XRP,2.400512,2.4002,2.4008,dom,1,2026-01-06T03:17:28.559251+00:00
2026-01-06T03:15:06+00:00,03:15:06,XRP,2.400912,2.4006,2.4012,dom,1,2026-01-06T03:17:29.609350+00:00
2026-01-06T03:15:07+00:00,03:15:07,XRP,2.401412,2.4011,2.4017,dom,1,2026-01-06T03:17:30.708653+00:00
2026-01-06T03:15:09+00:00,03:15:09,XRP,2.401012,2.4009,2.4012,dom,1,2026-01-06T03:17:31.853893+00:00
2026-01-06T03:15:10+00:00,03:15:10,XRP,2.400912,2.4007,2.4011,dom,1,2026-01-06T03:17:33.105652+00:00
2026-01-06T03:15:11+00:00,03:15:11,XRP,2.400211,2.4,2.4004,dom,1,2026-01-06T03:17:34.104460+00:00
2026-01-06T03:15:12+00:00,03:15:12,XRP,2.400011,2.3998,2.4002,dom,1,2026-01-06T03:17:35.181692+00:00
2026-01-06T03:15:13+00:00,03:15:13,XRP,2.400011,2.3997,2.4002,dom,1,2026-01-06T03:17:36.189174+00:00
2026-01-06T03:15:14+00:00,03:15:14,XRP,2.400011,2.3997,2.4002,dom,1,2026-01-06T03:17:37.338979+00:00
2026-01-06T03:15:15+00:00,03:15:15,XRP,2.399411,2.3992,2.3995,dom,1,2026-01-06T03:17:38.512169+00:00
2026-01-06T03:15:16+00:00,03:15:16,XRP,2.399111,2.3988,2.3992,dom,1,2026-01-06T03:17:39.652521+00:00
2026-01-06T03:15:17+00:00,03:15:17,XRP,2.398811,2.3985,2.399,dom,1,2026-01-06T03:17:40.768173+00:00
2026-01-06T03:15:18+00:00,03:15:18,XRP,2.398511,2.3982,2.3987,dom,1,2026-01-06T03:17:41.748687+00:00
2026-01-06T03:15:19+00:00,03:15:19,XRP,2.398311,2.3981,2.3985,dom,1,2026-01-06T03:17:42.808168+00:00
2026-01-06T03:15:20+00:00,03:15:20,XRP,2.397911,2.3977,2.3981,dom,1,2026-01-06T03:17:43.953703+00:00
2026-01-06T03:15:22+00:00,03:15:22,XRP,2.397611,2.3973,2.3977,dom,1,2026-01-06T03:17:45.164483+00:00
2026-01-06T03:15:23+00:00,03:15:23,XRP,2.397311,2.397,2.3975,dom,1,2026-01-06T03:17:46.160937+00:00
2026-01-06T03:15:24+00:00,03:15:24,XRP,2.397311,2.397,2.3975,dom,1,2026-01-06T03:17:47.193951+00:00
2026-01-06T03:15:25+00:00,03:15:25,XRP,2.398011,2.3977,2.3983,dom,1,2026-01-06T03:17:48.210916+00:00
2026-01-06T03:15:26+00:00,03:15:26,XRP,2.398211,2.3979,2.3987,dom,1,2026-01-06T03:17:49.209439+00:00
2026-01-06T03:15:27+00:00,03:15:27,XRP,2.398611,2.3984,2.399,dom,1,2026-01-06T03:17:50.204781+00:00
2026-01-06T03:15:28+00:00,03:15:28,XRP,2.398511,2.3983,2.3986,dom,1,2026-01-06T03:17:51.232439+00:00
2026-01-06T03:15:29+00:00,03:15:29,XRP,2.398211,2.398,2.3984,dom,1,2026-01-06T03:17:52.654728+00:00
2026-01-06T03:15:30+00:00,03:15:30,XRP,2.398311,2.398,2.3985,dom,1,2026-01-06T03:17:53.642959+00:00
2026-01-06T03:15:31+00:00,03:15:31,XRP,2.398311,2.3981,2.3986,dom,1,2026-01-06T03:17:54.650401+00:00
2026-01-06T03:15:32+00:00,03:15:32,XRP,2.398411,2.3981,2.3986,dom,1,2026-01-06T03:17:55.695215+00:00
2026-01-06T03:15:33+00:00,03:15:33,XRP,2.398811,2.3985,2.399,dom,1,2026-01-06T03:17:56.708456+00:00
2026-01-06T03:15:34+00:00,03:15:34,XRP,2.399311,2.3989,2.3995,dom,1,2026-01-06T03:17:57.708236+00:00
2026-01-06T03:15:35+00:00,03:15:35,XRP,2.399211,2.3989,2.3994,dom,1,2026-01-06T03:17:58.836129+00:00
2026-01-06T03:15:36+00:00,03:15:36,XRP,2.399111,2.3988,2.3993,dom,1,2026-01-06T03:17:59.834454+00:00
2026-01-06T03:15:38+00:00,03:15:38,XRP,2.399011,2.3987,2.3992,dom,1,2026-01-06T03:18:01.215097+00:00
2026-01-06T03:15:39+00:00,03:15:39,XRP,2.398811,2.3986,2.399,dom,1,2026-01-06T03:18:02.214038+00:00
2026-01-06T03:15:40+00:00,03:15:40,XRP,2.398611,2.3984,2.3989,dom,1,2026-01-06T03:18:03.207039+00:00
2026-01-06T03:15:41+00:00,03:15:41,XRP,2.398611,2.3983,2.3988,dom,1,2026-01-06T03:18:04.247284+00:00
2026-01-06T03:15:42+00:00,03:15:42,XRP,2.398511,2.3983,2.3986,dom,1,2026-01-06T03:18:06.049398+00:00
2026-01-06T03:15:43+00:00,03:15:43,XRP,2.398511,2.3982,2.3986,dom,1,2026-01-06T03:18:07.238523+00:00
2026-01-06T03:15:44+00:00,03:15:44,XRP,2.398711,2.3985,2.399,dom,1,2026-01-06T03:18:08.020853+00:00
2026-01-06T03:15:45+00:00,03:15:45,XRP,2.398811,2.3986,2.3991,dom,1,2026-01-06T03:18:09.157599+00:00
2026-01-06T03:15:46+00:00,03:15:46,XRP,2.399011,2.3987,2.3993,dom,1,2026-01-06T03:18:10.203009+00:00
2026-01-06T03:15:47+00:00,03:15:47,XRP,2.399111,2.3988,2.3994,dom,1,2026-01-06T03:18:11.365433+00:00
2026-01-06T03:15:48+00:00,03:15:48,XRP,2.399311,2.399,2.3997,dom,1,2026-01-06T03:18:12.425668+00:00
2026-01-06T03:15:50+00:00,03:15:50,XRP,2.399511,2.3992,2.3996,dom,1,2026-01-06T03:18:13.569902+00:00
2026-01-06T03:15:51+00:00,03:15:51,XRP,2.399111,2.3989,2.3994,dom,1,2026-01-06T03:18:14.731800+00:00
2026-01-06T03:15:52+00:00,03:15:52,XRP,2.399111,2.3989,2.3994,dom,1,2026-01-06T03:18:15.619114+00:00
2026-01-06T03:15:53+00:00,03:15:53,XRP,2.399111,2.3989,2.3994,dom,1,2026-01-06T03:18:16.676204+00:00
2026-01-06T03:15:54+00:00,03:15:54,XRP,2.399111,2.3989,2.3994,dom,1,2026-01-06T03:18:17.833105+00:00
2026-01-06T03:15:55+00:00,03:15:55,XRP,2.399111,2.3988,2.3992,dom,1,2026-01-06T03:18:18.761501+00:00
2026-01-06T03:15:56+00:00,03:15:56,XRP,2.398411,2.3982,2.3986,dom,1,2026-01-06T03:18:19.886651+00:00
2026-01-06T03:15:57+00:00,03:15:57,XRP,2.398311,2.3981,2.3986,dom,1,2026-01-06T03:18:21.008112+00:00
2026-01-06T03:15:59+00:00,03:15:59,XRP,2.398311,2.398,2.3986,dom,1,2026-01-06T03:18:22.333923+00:00
2026-01-06T03:16:00+00:00,03:16:00,XRP,2.398311,2.398,2.3987,dom,1,2026-01-06T03:18:23.355136+00:00
2026-01-06T03:16:01+00:00,03:16:01,XRP,2.398411,2.3981,2.3987,dom,1,2026-01-06T03:18:24.332608+00:00
2026-01-06T03:16:02+00:00,03:16:02,XRP,2.398411,2.3981,2.3988,dom,1,2026-01-06T03:18:25.313355+00:00
2026-01-06T03:16:03+00:00,03:16:03,XRP,2.398611,2.3984,2.399,dom,1,2026-01-06T03:18:26.331231+00:00
2026-01-06T03:16:04+00:00,03:16:04,XRP,2.398811,2.3986,2.3992,dom,1,2026-01-06T03:18:27.337863+00:00
2026-01-06T03:16:05+00:00,03:16:05,XRP,2.398611,2.3983,2.3988,dom,1,2026-01-06T03:18:28.846324+00:00
2026-01-06T03:16:06+00:00,03:16:06,XRP,2.398511,2.3982,2.3986,dom,1,2026-01-06T03:18:29.896625+00:00
2026-01-06T03:16:07+00:00,03:16:07,XRP,2.398311,2.398,2.3986,dom,1,2026-01-06T03:18:30.802005+00:00
2026-01-06T03:16:08+00:00,03:16:08,XRP,2.398311,2.3981,2.3986,dom,1,2026-01-06T03:18:31.763292+00:00
2026-01-06T03:16:09+00:00,03:16:09,XRP,2.398411,2.3981,2.3986,dom,1,2026-01-06T03:18:32.754857+00:00
2026-01-06T03:16:10+00:00,03:16:10,XRP,2.398411,2.3981,2.3986,dom,1,2026-01-06T03:18:33.821552+00:00
2026-01-06T03:16:11+00:00,03:16:11,XRP,2.398411,2.3981,2.3986,dom,1,2026-01-06T03:18:34.961243+00:00
2026-01-06T03:16:12+00:00,03:16:12,XRP,2.398311,2.3981,2.3986,dom,1,2026-01-06T03:18:35.813964+00:00
2026-01-06T03:16:13+00:00,03:16:13,XRP,2.398311,2.3981,2.3986,dom,1,2026-01-06T03:18:36.828951+00:00
2026-01-06T03:16:14+00:00,03:16:14,XRP,2.398311,2.3981,2.3986,dom,1,2026-01-06T03:18:37.845516+00:00
2026-01-06T03:16:15+00:00,03:16:15,XRP,2.398211,2.3979,2.3984,dom,1,2026-01-06T03:18:38.985111+00:00
2026-01-06T03:16:16+00:00,03:16:16,XRP,2.398011,2.3978,2.3981,dom,1,2026-01-06T03:18:39.907948+00:00
2026-01-06T03:16:17+00:00,03:16:17,XRP,2.396311,2.396,2.3965,dom,1,2026-01-06T03:18:40.971286+00:00
2026-01-06T03:16:18+00:00,03:16:18,XRP,2.396311,2.3962,2.3967,dom,1,2026-01-06T03:18:42.018375+00:00
2026-01-06T03:16:19+00:00,03:16:19,XRP,2.397011,2.3967,2.3972,dom,1,2026-01-06T03:18:43.265744+00:00
2026-01-06T03:16:20+00:00,03:16:20,XRP,2.397011,2.3967,2.3972,dom,1,2026-01-06T03:18:44.261378+00:00
2026-01-06T03:16:21+00:00,03:16:21,XRP,2.397011,2.3967,2.3972,dom,1,2026-01-06T03:18:45.319383+00:00
2026-01-06T03:16:22+00:00,03:16:22,XRP,2.397011,2.3967,2.3971,dom,1,2026-01-06T03:18:46.451456+00:00
2026-01-06T03:16:23+00:00,03:16:23,XRP,2.396911,2.3964,2.397,dom,1,2026-01-06T03:18:47.505583+00:00
2026-01-06T03:16:24+00:00,03:16:24,XRP,2.396811,2.3964,2.397,dom,1,2026-01-06T03:18:48.557073+00:00
2026-01-06T03:16:26+00:00,03:16:26,XRP,2.396811,2.3965,2.397,dom,1,2026-01-06T03:18:49.711901+00:00
2026-01-06T03:16:27+00:00,03:16:27,XRP,2.396711,2.3965,2.397,dom,1,2026-01-06T03:18:50.880357+00:00
2026-01-06T03:16:28+00:00,03:16:28,XRP,2.396811,2.3964,2.3969,dom,1,2026-01-06T03:18:51.890932+00:00
2026-01-06T03:16:29+00:00,03:16:29,XRP,2.396511,2.3963,2.3967,dom,1,2026-01-06T03:18:53.585818+00:00
2026-01-06T03:16:30+00:00,03:16:30,XRP,2.396411,2.3961,2.3966,dom,1,2026-01-06T03:18:54.276802+00:00
2026-01-06T03:16:31+00:00,03:16:31,XRP,2.396411,2.396,2.3966,dom,1,2026-01-06T03:18:55.617996+00:00
2026-01-06T03:16:32+00:00,03:16:32,XRP,2.396311,2.396,2.3965,dom,1,2026-01-06T03:18:56.672614+00:00
2026-01-06T03:16:33+00:00,03:16:33,XRP,2.396511,2.3961,2.3966,dom,1,2026-01-06T03:18:57.628546+00:00
2026-01-06T03:16:34+00:00,03:16:34,XRP,2.396411,2.3961,2.3966,dom,1,2026-01-06T03:18:58.645824+00:00
2026-01-06T03:16:35+00:00,03:16:35,XRP,2.396511,2.3961,2.3966,dom,1,2026-01-06T03:18:59.983231+00:00
2026-01-06T03:16:36+00:00,03:16:36,XRP,2.396211,2.3959,2.3964,dom,1,2026-01-06T03:19:01.029915+00:00
2026-01-06T03:16:37+00:00,03:16:37,XRP,2.396011,2.3957,2.3961,dom,1,2026-01-06T03:19:01.705398+00:00
2026-01-06T03:16:38+00:00,03:16:38,XRP,2.395911,2.3957,2.3961,dom,1,2026-01-06T03:19:02.717761+00:00
2026-01-06T03:16:39+00:00,03:16:39,XRP,2.395911,2.3956,2.396,dom,1,2026-01-06T03:19:04.073509+00:00
2026-01-06T03:16:41+00:00,03:16:41,XRP,2.395711,2.3955,2.3958,dom,1,2026-01-06T03:19:05.712802+00:00
2026-01-06T03:16:42+00:00,03:16:42,XRP,2.395311,2.3952,2.3954,dom,1,2026-01-06T03:19:06.303819+00:00
2026-01-06T03:16:43+00:00,03:16:43,XRP,2.395311,2.395,2.3955,dom,1,2026-01-06T03:19:07.250594+00:00
2026-01-06T03:16:44+00:00,03:16:44,XRP,2.395111,2.3947,2.3953,dom,1,2026-01-06T03:19:08.240567+00:00
2026-01-06T03:16:45+00:00,03:16:45,XRP,2.395411,2.395,2.3956,dom,1,2026-01-06T03:19:09.454939+00:00
2026-01-06T03:16:46+00:00,03:16:46,XRP,2.395711,2.3953,2.3959,dom,1,2026-01-06T03:19:10.754381+00:00
2026-01-06T03:16:47+00:00,03:16:47,XRP,2.395611,2.3953,2.3957,dom,1,2026-01-06T03:19:11.772458+00:00
2026-01-06T03:16:49+00:00,03:16:49,XRP,2.395411,2.3951,2.3956,dom,1,2026-01-06T03:19:13.168426+00:00
2026-01-06T03:16:50+00:00,03:16:50,XRP,2.395311,2.395,2.3955,dom,1,2026-01-06T03:19:14.256215+00:00
2026-01-06T03:16:51+00:00,03:16:51,XRP,2.395411,2.395,2.3955,dom,1,2026-01-06T03:19:15.229035+00:00
2026-01-06T03:16:52+00:00,03:16:52,XRP,2.395311,2.3949,2.3955,dom,1,2026-01-06T03:19:16.280156+00:00
2026-01-06T03:16:53+00:00,03:16:53,XRP,2.395611,2.395,2.396,dom,1,2026-01-06T03:19:17.354925+00:00
2026-01-06T03:16:54+00:00,03:16:54,XRP,2.396011,2.3955,2.3961,dom,1,2026-01-06T03:19:18.685325+00:00
2026-01-06T03:16:55+00:00,03:16:55,XRP,2.396011,2.3957,2.3961,dom,1,2026-01-06T03:19:19.898720+00:00
2026-01-06T03:16:56+00:00,03:16:56,XRP,2.396011,2.3957,2.3961,dom,1,2026-01-06T03:19:21.346292+00:00
2026-01-06T03:16:57+00:00,03:16:57,XRP,2.395911,2.3957,2.3961,dom,1,2026-01-06T03:19:22.168958+00:00
2026-01-06T03:16:58+00:00,03:16:58,XRP,2.395811,2.3956,2.396,dom,1,2026-01-06T03:19:23.191143+00:00
2026-01-06T03:17:00+00:00,03:17:00,XRP,2.396011,2.3954,2.3962,dom,1,2026-01-06T03:19:24.269899+00:00
2026-01-06T03:17:01+00:00,03:17:01,XRP,2.396211,2.3957,2.3963,dom,1,2026-01-06T03:19:25.677059+00:00
2026-01-06T03:17:02+00:00,03:17:02,XRP,2.396411,2.3961,2.397,dom,1,2026-01-06T03:19:26.671300+00:00
2026-01-06T03:17:03+00:00,03:17:03,XRP,2.396811,2.3965,2.397,dom,1,2026-01-06T03:19:27.890665+00:00
2026-01-06T03:17:04+00:00,03:17:04,XRP,2.396811,2.3965,2.397,dom,1,2026-01-06T03:19:29.045849+00:00
2026-01-06T03:17:05+00:00,03:17:05,XRP,2.396711,2.3964,2.397,dom,1,2026-01-06T03:19:30.024142+00:00
2026-01-06T03:17:06+00:00,03:17:06,XRP,2.396611,2.3964,2.397,dom,1,2026-01-06T03:19:31.020098+00:00
2026-01-06T03:17:07+00:00,03:17:07,XRP,2.396711,2.3964,2.397,dom,1,2026-01-06T03:19:32.105851+00:00
2026-01-06T03:17:09+00:00,03:17:09,XRP,2.396811,2.3964,2.3971,dom,1,2026-01-06T03:19:33.280399+00:00
2026-01-06T03:17:10+00:00,03:17:10,XRP,2.396811,2.3964,2.397,dom,1,2026-01-06T03:19:34.335912+00:00
2026-01-06T03:17:11+00:00,03:17:11,XRP,2.396711,2.3964,2.397,dom,1,2026-01-06T03:19:35.536071+00:00
2026-01-06T03:17:12+00:00,03:17:12,XRP,2.396711,2.3964,2.3969,dom,1,2026-01-06T03:19:36.525857+00:00
2026-01-06T03:17:13+00:00,03:17:13,XRP,2.396911,2.3964,2.397,dom,1,2026-01-06T03:19:37.538530+00:00
2026-01-06T03:17:14+00:00,03:17:14,XRP,2.396811,2.3964,2.397,dom,1,2026-01-06T03:19:38.566545+00:00
2026-01-06T03:17:15+00:00,03:17:15,XRP,2.396611,2.3964,2.3969,dom,1,2026-01-06T03:19:39.615179+00:00
2026-01-06T03:17:16+00:00,03:17:16,XRP,2.396911,2.3966,2.3974,dom,1,2026-01-06T03:19:40.742941+00:00
2026-01-06T03:17:17+00:00,03:17:16,XRP,2.397111,2.3968,2.3976,dom,1,2026-01-06T03:19:41.552973+00:00
2026-01-06T03:17:18+00:00,03:17:18,XRP,2.397711,2.3975,2.3982,dom,1,2026-01-06T03:19:43.053981+00:00
2026-01-06T03:17:19+00:00,03:17:19,XRP,2.397911,2.3976,2.3982,dom,1,2026-01-06T03:19:44.133236+00:00
2026-01-06T03:17:20+00:00,03:17:20,XRP,2.397611,2.3974,2.3979,dom,1,2026-01-06T03:19:45.252093+00:00
2026-01-06T03:17:21+00:00,03:17:21,XRP,2.397311,2.397,2.3975,dom,1,2026-01-06T03:19:46.355136+00:00
2026-01-06T03:17:22+00:00,03:17:22,XRP,2.397111,2.3967,2.3973,dom,1,2026-01-06T03:19:47.392604+00:00
2026-01-06T03:17:23+00:00,03:17:23,XRP,2.397011,2.3966,2.3972,dom,1,2026-01-06T03:19:48.633954+00:00
2026-01-06T03:17:25+00:00,03:17:25,XRP,2.397911,2.3978,2.3984,dom,1,2026-01-06T03:19:49.815660+00:00
2026-01-06T03:17:26+00:00,03:17:26,XRP,2.397911,2.3978,2.3984,dom,1,2026-01-06T03:19:50.814137+00:00
2026-01-06T03:17:27+00:00,03:17:27,XRP,2.397511,2.3973,2.3977,dom,1,2026-01-06T03:19:51.849978+00:00
2026-01-06T03:17:28+00:00,03:17:28,XRP,2.397311,2.3969,2.3975,dom,1,2026-01-06T03:19:53.169030+00:00
2026-01-06T03:17:29+00:00,03:17:29,XRP,2.397311,2.3968,2.3974,dom,1,2026-01-06T03:19:54.203034+00:00
2026-01-06T03:17:30+00:00,03:17:30,XRP,2.397311,2.3968,2.3974,dom,1,2026-01-06T03:19:55.208094+00:00
2026-01-06T03:17:31+00:00,03:17:31,XRP,2.397111,2.3968,2.3973,dom,1,2026-01-06T03:19:56.195928+00:00
2026-01-06T03:17:32+00:00,03:17:32,XRP,2.396711,2.3964,2.3969,dom,1,2026-01-06T03:19:57.225454+00:00
2026-01-06T03:17:33+00:00,03:17:33,XRP,2.396611,2.3963,2.3968,dom,1,2026-01-06T03:19:58.257077+00:00
2026-01-06T03:17:34+00:00,03:17:34,XRP,2.396511,2.3963,2.3967,dom,1,2026-01-06T03:19:59.465779+00:00
2026-01-06T03:17:35+00:00,03:17:35,XRP,2.396711,2.3963,2.3968,dom,1,2026-01-06T03:20:00.600909+00:00
2026-01-06T03:17:36+00:00,03:17:36,XRP,2.396911,2.3964,2.397,dom,1,2026-01-06T03:20:01.673555+00:00
2026-01-06T03:17:37+00:00,03:17:37,XRP,2.396911,2.3965,2.397,dom,1,2026-01-06T03:20:02.666291+00:00
2026-01-06T03:17:38+00:00,03:17:38,XRP,2.396811,2.3965,2.397,dom,1,2026-01-06T03:20:03.688499+00:00
2026-01-06T03:17:40+00:00,03:17:40,XRP,2.396811,2.3965,2.397,dom,1,2026-01-06T03:20:04.852174+00:00
2026-01-06T03:17:41+00:00,03:17:41,XRP,2.396811,2.3965,2.397,dom,1,2026-01-06T03:20:05.855783+00:00
2026-01-06T03:17:42+00:00,03:17:42,XRP,2.396811,2.3965,2.397,dom,1,2026-01-06T03:20:07.891803+00:00
2026-01-06T03:17:43+00:00,03:17:43,XRP,2.396811,2.3965,2.397,dom,1,2026-01-06T03:20:08.892056+00:00
2026-01-06T03:17:44+00:00,03:17:44,XRP,2.396711,2.3965,2.397,dom,1,2026-01-06T03:20:09.904758+00:00
2026-01-06T03:17:45+00:00,03:17:45,XRP,2.396711,2.3965,2.3969,dom,1,2026-01-06T03:20:10.926076+00:00
2026-01-06T03:17:46+00:00,03:17:46,XRP,2.396711,2.3964,2.3969,dom,1,2026-01-06T03:20:11.984812+00:00
2026-01-06T03:17:47+00:00,03:17:47,XRP,2.396611,2.3964,2.3968,dom,1,2026-01-06T03:20:13.002117+00:00
2026-01-06T03:17:48+00:00,03:17:48,XRP,2.396611,2.3964,2.3968,dom,1,2026-01-06T03:20:13.990686+00:00
2026-01-06T03:17:49+00:00,03:17:49,XRP,2.396711,2.3964,2.3968,dom,1,2026-01-06T03:20:15.034135+00:00
2026-01-06T03:17:50+00:00,03:17:50,XRP,2.396711,2.3964,2.3968,dom,1,2026-01-06T03:20:16.080932+00:00
2026-01-06T03:17:51+00:00,03:17:51,XRP,2.396711,2.3964,2.3969,dom,1,2026-01-06T03:20:17.084796+00:00
2026-01-06T03:17:52+00:00,03:17:52,XRP,2.397011,2.3967,2.3972,dom,1,2026-01-06T03:20:18.099033+00:00
2026-01-06T03:17:53+00:00,03:17:53,XRP,2.397311,2.3969,2.3975,dom,1,2026-01-06T03:20:19.076939+00:00
2026-01-06T03:17:54+00:00,03:17:54,XRP,2.397311,2.397,2.3975,dom,1,2026-01-06T03:20:20.080785+00:00
2026-01-06T03:17:55+00:00,03:17:55,XRP,2.397411,2.3971,2.3976,dom,1,2026-01-06T03:20:21.098832+00:00
2026-01-06T03:17:56+00:00,03:17:56,XRP,2.397411,2.3971,2.3977,dom,1,2026-01-06T03:20:22.117703+00:00
2026-01-06T03:17:57+00:00,03:17:57,XRP,2.397411,2.3971,2.3977,dom,1,2026-01-06T03:20:23.133276+00:00
2026-01-06T03:17:58+00:00,03:17:58,XRP,2.397511,2.3973,2.3978,dom,1,2026-01-06T03:20:24.313596+00:00
2026-01-06T03:17:59+00:00,03:17:59,XRP,2.397611,2.3974,2.3978,dom,1,2026-01-06T03:20:25.175899+00:00
2026-01-06T03:18:01+00:00,03:18:01,XRP,2.397611,2.3973,2.3979,dom,1,2026-01-06T03:20:26.535124+00:00
2026-01-06T03:18:02+00:00,03:18:02,XRP,2.397711,2.3975,2.3982,dom,1,2026-01-06T03:20:27.641744+00:00
2026-01-06T03:18:03+00:00,03:18:03,XRP,2.398011,2.3978,2.3984,dom,1,2026-01-06T03:20:28.637340+00:00
2026-01-06T03:18:04+00:00,03:18:04,XRP,2.398311,2.398,2.3986,dom,1,2026-01-06T03:20:29.798958+00:00
2026-01-06T03:18:05+00:00,03:18:05,XRP,2.398311,2.3981,2.3986,dom,1,2026-01-06T03:20:30.914964+00:00
2026-01-06T03:18:06+00:00,03:18:06,XRP,2.398311,2.398,2.3986,dom,1,2026-01-06T03:20:32.018202+00:00
2026-01-06T03:18:07+00:00,03:18:07,XRP,2.398311,2.398,2.3986,dom,1,2026-01-06T03:20:33.049967+00:00
2026-01-06T03:18:08+00:00,03:18:08,XRP,2.398211,2.3979,2.3985,dom,1,2026-01-06T03:20:34.031913+00:00
2026-01-06T03:18:09+00:00,03:18:09,XRP,2.398011,2.3978,2.3983,dom,1,2026-01-06T03:20:35.038861+00:00
2026-01-06T03:18:10+00:00,03:18:10,XRP,2.397911,2.3977,2.3981,dom,1,2026-01-06T03:20:36.246029+00:00
2026-01-06T03:18:11+00:00,03:18:11,XRP,2.397711,2.3975,2.3981,dom,1,2026-01-06T03:20:37.218127+00:00
2026-01-06T03:18:12+00:00,03:18:12,XRP,2.397711,2.3975,2.3981,dom,1,2026-01-06T03:20:38.267284+00:00
2026-01-06T03:18:14+00:00,03:18:14,XRP,2.397811,2.3975,2.3981,dom,1,2026-01-06T03:20:39.569318+00:00
2026-01-06T03:18:15+00:00,03:18:15,XRP,2.397711,2.3976,2.398,dom,1,2026-01-06T03:20:40.564623+00:00
2026-01-06T03:18:16+00:00,03:18:16,XRP,2.397711,2.3975,2.398,dom,1,2026-01-06T03:20:41.632544+00:00
2026-01-06T03:18:17+00:00,03:18:17,XRP,2.397711,2.3975,2.398,dom,1,2026-01-06T03:20:42.618176+00:00
2026-01-06T03:18:18+00:00,03:18:18,XRP,2.397711,2.3975,2.398,dom,1,2026-01-06T03:20:43.824330+00:00
2026-01-06T03:18:19+00:00,03:18:19,XRP,2.396811,2.3964,2.3969,dom,1,2026-01-06T03:20:44.730365+00:00
2026-01-06T03:18:20+00:00,03:18:20,XRP,2.397111,2.3967,2.3973,dom,1,2026-01-06T03:20:46.011429+00:00
2026-01-06T03:18:21+00:00,03:18:21,XRP,2.397311,2.397,2.3976,dom,1,2026-01-06T03:20:47.246741+00:00
2026-01-06T03:18:22+00:00,03:18:22,XRP,2.397311,2.397,2.3977,dom,1,2026-01-06T03:20:48.258931+00:00
2026-01-06T03:18:23+00:00,03:18:23,XRP,2.397311,2.3971,2.3978,dom,1,2026-01-06T03:20:49.284582+00:00
2026-01-06T03:18:25+00:00,03:18:25,XRP,2.398011,2.3977,2.3985,dom,1,2026-01-06T03:20:50.379341+00:00
2026-01-06T03:18:26+00:00,03:18:26,XRP,2.398011,2.3977,2.3985,dom,1,2026-01-06T03:20:51.403136+00:00
2026-01-06T03:18:27+00:00,03:18:27,XRP,2.398011,2.3977,2.3984,dom,1,2026-01-06T03:20:52.923694+00:00
2026-01-06T03:18:28+00:00,03:18:28,XRP,2.398011,2.3977,2.3982,dom,1,2026-01-06T03:20:53.761047+00:00
2026-01-06T03:18:29+00:00,03:18:29,XRP,2.397811,2.3976,2.3981,dom,1,2026-01-06T03:20:55.855409+00:00
2026-01-06T03:18:30+00:00,03:18:30,XRP,2.397811,2.3976,2.3981,dom,1,2026-01-06T03:20:56.830149+00:00
2026-01-06T03:18:31+00:00,03:18:31,XRP,2.397811,2.3976,2.3981,dom,1,2026-01-06T03:20:57.929569+00:00
2026-01-06T03:18:32+00:00,03:18:32,XRP,2.397811,2.3975,2.3981,dom,1,2026-01-06T03:20:59.109274+00:00
2026-01-06T03:18:34+00:00,03:18:34,XRP,2.397611,2.3973,2.398,dom,1,2026-01-06T03:21:00.198270+00:00
2026-01-06T03:18:35+00:00,03:18:35,XRP,2.397611,2.3973,2.3978,dom,1,2026-01-06T03:21:01.238199+00:00
2026-01-06T03:18:36+00:00,03:18:36,XRP,2.397611,2.3973,2.3978,dom,1,2026-01-06T03:21:02.587237+00:00
2026-01-06T03:18:37+00:00,03:18:37,XRP,2.397611,2.3973,2.3979,dom,1,2026-01-06T03:21:03.286895+00:00
2026-01-06T03:18:39+00:00,03:18:39,XRP,2.398111,2.3978,2.3985,dom,1,2026-01-06T03:21:04.852419+00:00
2026-01-06T03:18:40+00:00,03:18:40,XRP,2.397611,2.3972,2.3978,dom,1,2026-01-06T03:21:05.838391+00:00
2026-01-06T03:18:41+00:00,03:18:41,XRP,2.397511,2.3972,2.3978,dom,1,2026-01-06T03:21:07.354007+00:00
2026-01-06T03:18:42+00:00,03:18:42,XRP,2.397411,2.3971,2.3976,dom,1,2026-01-06T03:21:08.384769+00:00
2026-01-06T03:18:43+00:00,03:18:43,XRP,2.397311,2.3971,2.3977,dom,1,2026-01-06T03:21:09.435386+00:00
2026-01-06T03:18:44+00:00,03:18:44,XRP,2.397311,2.397,2.3977,dom,1,2026-01-06T03:21:10.565943+00:00
2026-01-06T03:18:45+00:00,03:18:45,XRP,2.397311,2.397,2.3976,dom,1,2026-01-06T03:21:11.627875+00:00
2026-01-06T03:18:46+00:00,03:18:46,XRP,2.397311,2.397,2.3976,dom,1,2026-01-06T03:21:12.754274+00:00
2026-01-06T03:18:48+00:00,03:18:48,XRP,2.397111,2.3968,2.3973,dom,1,2026-01-06T03:21:13.821768+00:00
2026-01-06T03:18:49+00:00,03:18:49,XRP,2.396811,2.3966,2.3969,dom,1,2026-01-06T03:21:14.876539+00:00
2026-01-06T03:18:50+00:00,03:18:50,XRP,2.397111,2.3969,2.3975,dom,1,2026-01-06T03:21:15.947158+00:00
2026-01-06T03:18:51+00:00,03:18:51,XRP,2.397511,2.3972,2.3979,dom,1,2026-01-06T03:21:17.491706+00:00
2026-01-06T03:18:52+00:00,03:18:52,XRP,2.397511,2.3972,2.3979,dom,1,2026-01-06T03:21:18.497775+00:00
2026-01-06T03:18:53+00:00,03:18:53,XRP,2.397511,2.3973,2.3978,dom,1,2026-01-06T03:21:19.499154+00:00
2026-01-06T03:18:54+00:00,03:18:54,XRP,2.397311,2.397,2.3978,dom,1,2026-01-06T03:21:20.933803+00:00
2026-01-06T03:18:55+00:00,03:18:55,XRP,2.397411,2.3971,2.3978,dom,1,2026-01-06T03:21:21.938870+00:00
2026-01-06T03:18:56+00:00,03:18:56,XRP,2.397411,2.3971,2.3978,dom,1,2026-01-06T03:21:23.013054+00:00
2026-01-06T03:18:57+00:00,03:18:57,XRP,2.397411,2.3971,2.3978,dom,1,2026-01-06T03:21:24.016703+00:00
2026-01-06T03:18:58+00:00,03:18:58,XRP,2.397411,2.3971,2.3978,dom,1,2026-01-06T03:21:25.163602+00:00
2026-01-06T03:18:59+00:00,03:18:59,XRP,2.397411,2.3971,2.3978,dom,1,2026-01-06T03:21:25.812915+00:00
2026-01-06T03:19:00+00:00,03:19:00,XRP,2.397511,2.3971,2.3978,dom,1,2026-01-06T03:21:26.831100+00:00
2026-01-06T03:19:01+00:00,03:19:01,XRP,2.397511,2.3971,2.3977,dom,1,2026-01-06T03:21:27.871228+00:00
2026-01-06T03:19:02+00:00,03:19:02,XRP,2.397111,2.3969,2.3973,dom,1,2026-01-06T03:21:29.287624+00:00
2026-01-06T03:19:03+00:00,03:19:03,XRP,2.396811,2.3966,2.3969,dom,1,2026-01-06T03:21:29.897602+00:00
2026-01-06T03:19:04+00:00,03:19:04,XRP,2.396711,2.3964,2.3969,dom,1,2026-01-06T03:21:30.896474+00:00
2026-01-06T03:19:05+00:00,03:19:05,XRP,2.396711,2.3963,2.3969,dom,1,2026-01-06T03:21:31.898351+00:00
2026-01-06T03:19:06+00:00,03:19:06,XRP,2.396611,2.3963,2.3968,dom,1,2026-01-06T03:21:32.909091+00:00
2026-01-06T03:19:07+00:00,03:19:07,XRP,2.396611,2.3963,2.3968,dom,1,2026-01-06T03:21:33.901697+00:00
2026-01-06T03:19:08+00:00,03:19:08,XRP,2.396411,2.3962,2.3966,dom,1,2026-01-06T03:21:35.264803+00:00
2026-01-06T03:19:09+00:00,03:19:09,XRP,2.396211,2.3959,2.3963,dom,1,2026-01-06T03:21:35.905247+00:00
2026-01-06T03:19:10+00:00,03:19:10,XRP,2.396111,2.3957,2.3962,dom,1,2026-01-06T03:21:37.260696+00:00
2026-01-06T03:19:11+00:00,03:19:11,XRP,2.396011,2.3957,2.3962,dom,1,2026-01-06T03:21:38.242452+00:00
2026-01-06T03:19:12+00:00,03:19:12,XRP,2.396011,2.3957,2.3962,dom,1,2026-01-06T03:21:39.844944+00:00
2026-01-06T03:19:13+00:00,03:19:13,XRP,2.396111,2.3957,2.3962,dom,1,2026-01-06T03:21:40.222798+00:00
2026-01-06T03:19:14+00:00,03:19:14,XRP,2.396211,2.3958,2.3963,dom,1,2026-01-06T03:21:41.298506+00:00
2026-01-06T03:19:15+00:00,03:19:15,XRP,2.396211,2.3958,2.3964,dom,1,2026-01-06T03:21:42.218080+00:00
2026-01-06T03:19:16+00:00,03:19:16,XRP,2.396211,2.3958,2.3964,dom,1,2026-01-06T03:21:43.335602+00:00
2026-01-06T03:19:17+00:00,03:19:17,XRP,2.396211,2.3958,2.3964,dom,1,2026-01-06T03:21:44.337242+00:00
2026-01-06T03:19:18+00:00,03:19:18,XRP,2.396111,2.3959,2.3964,dom,1,2026-01-06T03:21:45.336238+00:00
2026-01-06T03:19:19+00:00,03:19:19,XRP,2.396111,2.3959,2.3964,dom,1,2026-01-06T03:21:46.424018+00:00
2026-01-06T03:19:20+00:00,03:19:20,XRP,2.395811,2.3956,2.396,dom,1,2026-01-06T03:21:48.012079+00:00
2026-01-06T03:19:21+00:00,03:19:21,XRP,2.395411,2.3953,2.3956,dom,1,2026-01-06T03:21:48.351129+00:00
2026-01-06T03:19:22+00:00,03:19:22,XRP,2.395211,2.395,2.3954,dom,1,2026-01-06T03:21:49.844684+00:00
2026-01-06T03:19:23+00:00,03:19:23,XRP,2.395111,2.3948,2.3954,dom,1,2026-01-06T03:21:50.880318+00:00
2026-01-06T03:19:24+00:00,03:19:24,XRP,2.395211,2.3948,2.3953,dom,1,2026-01-06T03:21:51.464073+00:00
2026-01-06T03:19:25+00:00,03:19:25,XRP,2.395211,2.3948,2.3953,dom,1,2026-01-06T03:21:52.447897+00:00
2026-01-06T03:19:26+00:00,03:19:26,XRP,2.395111,2.3948,2.3953,dom,1,2026-01-06T03:21:53.485873+00:00
2026-01-06T03:19:27+00:00,03:19:27,XRP,2.395211,2.3948,2.3953,dom,1,2026-01-06T03:21:54.476234+00:00
2026-01-06T03:19:28+00:00,03:19:28,XRP,2.395311,2.3948,2.3954,dom,1,2026-01-06T03:21:55.741752+00:00
2026-01-06T03:19:29+00:00,03:19:29,XRP,2.395511,2.395,2.3956,dom,1,2026-01-06T03:21:56.872666+00:00
2026-01-06T03:19:30+00:00,03:19:30,XRP,2.395411,2.395,2.3956,dom,1,2026-01-06T03:21:57.694391+00:00
2026-01-06T03:19:32+00:00,03:19:32,XRP,2.395011,2.3947,2.3951,dom,1,2026-01-06T03:21:58.563892+00:00
2026-01-06T03:19:33+00:00,03:19:33,XRP,2.394911,2.3946,2.3951,dom,1,2026-01-06T03:21:59.613876+00:00
2026-01-06T03:19:34+00:00,03:19:34,XRP,2.395011,2.3947,2.3952,dom,1,2026-01-06T03:22:00.596529+00:00
2026-01-06T03:19:35+00:00,03:19:35,XRP,2.395011,2.3946,2.3951,dom,1,2026-01-06T03:22:01.706876+00:00
2026-01-06T03:19:36+00:00,03:19:36,XRP,2.394211,2.394,2.3945,dom,1,2026-01-06T03:22:02.864366+00:00
2026-01-06T03:19:37+00:00,03:19:37,XRP,2.394211,2.3939,2.3944,dom,1,2026-01-06T03:22:04.049499+00:00
2026-01-06T03:19:38+00:00,03:19:38,XRP,2.394211,2.3939,2.3944,dom,1,2026-01-06T03:22:05.110733+00:00
2026-01-06T03:19:39+00:00,03:19:39,XRP,2.394111,2.3938,2.3942,dom,1,2026-01-06T03:22:06.128831+00:00
2026-01-06T03:19:40+00:00,03:19:40,XRP,2.393811,2.3935,2.3939,dom,1,2026-01-06T03:22:07.145953+00:00
2026-01-06T03:19:41+00:00,03:19:41,XRP,2.393611,2.3934,2.3937,dom,1,2026-01-06T03:22:08.158437+00:00
2026-01-06T03:19:42+00:00,03:19:42,XRP,2.393211,2.393,2.3933,dom,1,2026-01-06T03:22:09.385400+00:00
2026-01-06T03:19:43+00:00,03:19:43,XRP,2.392811,2.3924,2.393,dom,1,2026-01-06T03:22:10.263855+00:00
2026-01-06T03:19:44+00:00,03:19:44,XRP,2.392611,2.3922,2.3928,dom,1,2026-01-06T03:22:11.565591+00:00
2026-01-06T03:19:45+00:00,03:19:45,XRP,2.392611,2.3923,2.3929,dom,1,2026-01-06T03:22:12.604871+00:00
2026-01-06T03:19:46+00:00,03:19:46,XRP,2.392911,2.3926,2.3931,dom,1,2026-01-06T03:22:13.612207+00:00
2026-01-06T03:19:48+00:00,03:19:48,XRP,2.393311,2.3929,2.3934,dom,1,2026-01-06T03:22:15.117415+00:00
2026-01-06T03:19:49+00:00,03:19:49,XRP,2.393311,2.3929,2.3935,dom,1,2026-01-06T03:22:16.259191+00:00
2026-01-06T03:19:50+00:00,03:19:50,XRP,2.393311,2.3929,2.3935,dom,1,2026-01-06T03:22:17.164478+00:00
2026-01-06T03:19:51+00:00,03:19:51,XRP,2.393811,2.393,2.394,dom,1,2026-01-06T03:22:18.170750+00:00
2026-01-06T03:19:52+00:00,03:19:52,XRP,2.393911,2.3934,2.3941,dom,1,2026-01-06T03:22:19.269538+00:00
2026-01-06T03:19:53+00:00,03:19:53,XRP,2.393811,2.3935,2.394,dom,1,2026-01-06T03:22:20.245394+00:00
2026-01-06T03:19:54+00:00,03:19:54,XRP,2.393711,2.3934,2.3939,dom,1,2026-01-06T03:22:21.331632+00:00
2026-01-06T03:19:55+00:00,03:19:55,XRP,2.393711,2.3933,2.3938,dom,1,2026-01-06T03:22:22.620759+00:00
2026-01-06T03:19:57+00:00,03:19:57,XRP,2.393411,2.3932,2.3936,dom,1,2026-01-06T03:22:23.988543+00:00
2026-01-06T03:19:58+00:00,03:19:58,XRP,2.393611,2.3933,2.3939,dom,1,2026-01-06T03:22:25.074554+00:00
2026-01-06T03:19:59+00:00,03:19:59,XRP,2.394411,2.3934,2.3947,dom,1,2026-01-06T03:22:26.075995+00:00
2026-01-06T03:20:00+00:00,03:20:00,XRP,2.395211,2.3949,2.3959,dom,1,2026-01-06T03:22:27.220186+00:00
2026-01-06T03:20:01+00:00,03:20:01,XRP,2.395711,2.3955,2.3962,dom,1,2026-01-06T03:22:28.281600+00:00
2026-01-06T03:20:02+00:00,03:20:02,XRP,2.395811,2.3956,2.396,dom,1,2026-01-06T03:22:29.577711+00:00
2026-01-06T03:20:03+00:00,03:20:03,XRP,2.395711,2.3955,2.3959,dom,1,2026-01-06T03:22:30.572704+00:00
2026-01-06T03:20:04+00:00,03:20:04,XRP,2.395711,2.3955,2.396,dom,1,2026-01-06T03:22:31.595555+00:00
2026-01-06T03:20:05+00:00,03:20:05,XRP,2.395811,2.3956,2.396,dom,1,2026-01-06T03:22:32.608062+00:00
2026-01-06T03:20:06+00:00,03:20:06,XRP,2.396211,2.396,2.3966,dom,1,2026-01-06T03:22:33.625164+00:00
2026-01-06T03:20:07+00:00,03:20:07,XRP,2.396711,2.3964,2.3972,dom,1,2026-01-06T03:22:34.689659+00:00
2026-01-06T03:20:09+00:00,03:20:09,XRP,2.396711,2.3965,2.397,dom,1,2026-01-06T03:22:35.943979+00:00
2026-01-06T03:20:10+00:00,03:20:10,XRP,2.397211,2.3969,2.3974,dom,1,2026-01-06T03:22:37.199272+00:00
2026-01-06T03:20:11+00:00,03:20:11,XRP,2.397211,2.3968,2.3974,dom,1,2026-01-06T03:22:38.416488+00:00
2026-01-06T03:20:12+00:00,03:20:12,XRP,2.397211,2.3969,2.3974,dom,1,2026-01-06T03:22:39.490500+00:00
2026-01-06T03:20:13+00:00,03:20:13,XRP,2.397211,2.3968,2.3974,dom,1,2026-01-06T03:22:40.400176+00:00
2026-01-06T03:20:14+00:00,03:20:14,XRP,2.397111,2.3968,2.3974,dom,1,2026-01-06T03:22:41.432173+00:00
2026-01-06T03:20:15+00:00,03:20:15,XRP,2.397111,2.3968,2.3974,dom,1,2026-01-06T03:22:42.492614+00:00
2026-01-06T03:20:17+00:00,03:20:17,XRP,2.397011,2.3967,2.3972,dom,1,2026-01-06T03:22:43.974679+00:00
2026-01-06T03:20:18+00:00,03:20:18,XRP,2.396811,2.3965,2.3969,dom,1,2026-01-06T03:22:45.163021+00:00
2026-01-06T03:20:19+00:00,03:20:19,XRP,2.396711,2.3965,2.3969,dom,1,2026-01-06T03:22:46.611353+00:00
2026-01-06T03:20:20+00:00,03:20:20,XRP,2.396911,2.3966,2.3973,dom,1,2026-01-06T03:22:47.625379+00:00
2026-01-06T03:20:21+00:00,03:20:21,XRP,2.397211,2.3969,2.3977,dom,1,2026-01-06T03:22:48.646789+00:00
2026-01-06T03:20:23+00:00,03:20:23,XRP,2.397511,2.3972,2.3978,dom,1,2026-01-06T03:22:49.843237+00:00
2026-01-06T03:20:24+00:00,03:20:24,XRP,2.397511,2.3972,2.3978,dom,1,2026-01-06T03:22:50.821624+00:00
2026-01-06T03:20:25+00:00,03:20:25,XRP,2.397511,2.3972,2.3978,dom,1,2026-01-06T03:22:51.875101+00:00
2026-01-06T03:20:26+00:00,03:20:26,XRP,2.397511,2.3972,2.3978,dom,1,2026-01-06T03:22:53.309434+00:00
2026-01-06T03:20:27+00:00,03:20:27,XRP,2.397411,2.3971,2.3976,dom,1,2026-01-06T03:22:53.825824+00:00
2026-01-06T03:20:28+00:00,03:20:28,XRP,2.396811,2.3967,2.397,dom,1,2026-01-06T03:22:54.846042+00:00
2026-01-06T03:20:29+00:00,03:20:29,XRP,2.395811,2.3956,2.3959,dom,1,2026-01-06T03:22:55.841848+00:00
2026-01-06T03:20:30+00:00,03:20:30,XRP,2.395611,2.3954,2.3957,dom,1,2026-01-06T03:22:56.869724+00:00
2026-01-06T03:20:31+00:00,03:20:31,XRP,2.395411,2.3952,2.3956,dom,1,2026-01-06T03:22:57.870906+00:00
2026-01-06T03:20:32+00:00,03:20:32,XRP,2.394611,2.3944,2.3948,dom,1,2026-01-06T03:22:59.979369+00:00
2026-01-06T03:20:33+00:00,03:20:33,XRP,2.394311,2.394,2.3945,dom,1,2026-01-06T03:23:01.077365+00:00
2026-01-06T03:20:34+00:00,03:20:34,XRP,2.394211,2.3939,2.3944,dom,1,2026-01-06T03:23:02.078408+00:00
2026-01-06T03:20:35+00:00,03:20:35,XRP,2.394211,2.3939,2.3944,dom,1,2026-01-06T03:23:03.156946+00:00
2026-01-06T03:20:36+00:00,03:20:36,XRP,2.394311,2.3939,2.3944,dom,1,2026-01-06T03:23:04.328917+00:00
2026-01-06T03:20:37+00:00,03:20:37,XRP,2.394111,2.3938,2.3943,dom,1,2026-01-06T03:23:05.327516+00:00
2026-01-06T03:20:38+00:00,03:20:38,XRP,2.394011,2.3937,2.3942,dom,1,2026-01-06T03:23:06.208979+00:00
2026-01-06T03:20:40+00:00,03:20:40,XRP,2.394211,2.3939,2.3945,dom,1,2026-01-06T03:23:07.329744+00:00
2026-01-06T03:20:41+00:00,03:20:41,XRP,2.394511,2.394,2.3947,dom,1,2026-01-06T03:23:08.321729+00:00
2026-01-06T03:20:42+00:00,03:20:42,XRP,2.394711,2.3944,2.3951,dom,1,2026-01-06T03:23:09.342964+00:00
2026-01-06T03:20:43+00:00,03:20:43,XRP,2.394911,2.3946,2.3951,dom,1,2026-01-06T03:23:10.349819+00:00
2026-01-06T03:20:44+00:00,03:20:44,XRP,2.395011,2.3946,2.3951,dom,1,2026-01-06T03:23:11.359547+00:00
2026-01-06T03:20:45+00:00,03:20:45,XRP,2.395011,2.3947,2.3952,dom,1,2026-01-06T03:23:12.438107+00:00
2026-01-06T03:20:46+00:00,03:20:46,XRP,2.395111,2.3947,2.3954,dom,1,2026-01-06T03:23:13.460551+00:00
2026-01-06T03:20:47+00:00,03:20:47,XRP,2.395211,2.3949,2.3954,dom,1,2026-01-06T03:23:15.127244+00:00
2026-01-06T03:20:48+00:00,03:20:48,XRP,2.395511,2.3953,2.396,dom,1,2026-01-06T03:23:16.108552+00:00
2026-01-06T03:20:49+00:00,03:20:49,XRP,2.396111,2.3959,2.3967,dom,1,2026-01-06T03:23:17.125889+00:00
2026-01-06T03:20:51+00:00,03:20:51,XRP,2.396511,2.3961,2.3967,dom,1,2026-01-06T03:23:18.966343+00:00
2026-01-06T03:20:52+00:00,03:20:52,XRP,2.396511,2.3961,2.3967,dom,1,2026-01-06T03:23:20.251746+00:00
2026-01-06T03:20:54+00:00,03:20:54,XRP,2.396411,2.3961,2.3966,dom,1,2026-01-06T03:23:21.634034+00:00
2026-01-06T03:20:55+00:00,03:20:54,XRP,2.396311,2.396,2.3965,dom,1,2026-01-06T03:23:22.635500+00:00
2026-01-06T03:20:56+00:00,03:20:56,XRP,2.396111,2.3958,2.3963,dom,1,2026-01-06T03:23:23.690111+00:00
2026-01-06T03:20:57+00:00,03:20:57,XRP,2.396011,2.3957,2.3963,dom,1,2026-01-06T03:23:24.779772+00:00
2026-01-06T03:20:58+00:00,03:20:58,XRP,2.396011,2.3957,2.3963,dom,1,2026-01-06T03:23:26.345402+00:00
2026-01-06T03:20:59+00:00,03:20:59,XRP,2.396011,2.3958,2.3963,dom,1,2026-01-06T03:23:26.964556+00:00
2026-01-06T03:21:00+00:00,03:21:00,XRP,2.396011,2.3958,2.3963,dom,1,2026-01-06T03:23:28.000521+00:00
2026-01-06T03:21:01+00:00,03:21:01,XRP,2.396011,2.3958,2.3963,dom,1,2026-01-06T03:23:29.071851+00:00
2026-01-06T03:21:02+00:00,03:21:02,XRP,2.396011,2.3957,2.3963,dom,1,2026-01-06T03:23:30.066782+00:00
2026-01-06T03:21:03+00:00,03:21:03,XRP,2.396011,2.3957,2.3963,dom,1,2026-01-06T03:23:31.082548+00:00
2026-01-06T03:21:04+00:00,03:21:04,XRP,2.396011,2.3957,2.3963,dom,1,2026-01-06T03:23:32.256626+00:00
2026-01-06T03:21:05+00:00,03:21:05,XRP,2.396011,2.3957,2.3963,dom,1,2026-01-06T03:23:33.233912+00:00
2026-01-06T03:21:06+00:00,03:21:06,XRP,2.396011,2.3957,2.3963,dom,1,2026-01-06T03:23:34.269475+00:00
2026-01-06T03:21:08+00:00,03:21:08,XRP,2.396011,2.3957,2.3962,dom,1,2026-01-06T03:23:35.462777+00:00
2026-01-06T03:21:09+00:00,03:21:09,XRP,2.396111,2.3959,2.3965,dom,1,2026-01-06T03:23:36.428843+00:00
2026-01-06T03:21:10+00:00,03:21:10,XRP,2.396311,2.396,2.3966,dom,1,2026-01-06T03:23:37.454835+00:00
2026-01-06T03:21:11+00:00,03:21:11,XRP,2.396511,2.3962,2.3969,dom,1,2026-01-06T03:23:38.470347+00:00
2026-01-06T03:21:12+00:00,03:21:12,XRP,2.396611,2.3963,2.3969,dom,1,2026-01-06T03:23:39.802276+00:00
2026-01-06T03:21:13+00:00,03:21:13,XRP,2.396011,2.3957,2.3961,dom,1,2026-01-06T03:23:41.633395+00:00
2026-01-06T03:21:14+00:00,03:21:14,XRP,2.395511,2.3951,2.3956,dom,1,2026-01-06T03:23:42.620800+00:00
2026-01-06T03:21:16+00:00,03:21:16,XRP,2.395411,2.395,2.3955,dom,1,2026-01-06T03:23:43.731958+00:00
2026-01-06T03:21:17+00:00,03:21:17,XRP,2.395311,2.395,2.3955,dom,1,2026-01-06T03:23:44.731602+00:00
2026-01-06T03:21:18+00:00,03:21:18,XRP,2.395111,2.3948,2.3954,dom,1,2026-01-06T03:23:45.860508+00:00
2026-01-06T03:21:19+00:00,03:21:19,XRP,2.395211,2.3948,2.3954,dom,1,2026-01-06T03:23:47.602478+00:00
2026-01-06T03:21:20+00:00,03:21:20,XRP,2.395011,2.3947,2.3952,dom,1,2026-01-06T03:23:48.321254+00:00
2026-01-06T03:21:21+00:00,03:21:21,XRP,2.394611,2.3943,2.3948,dom,1,2026-01-06T03:23:49.291897+00:00
2026-01-06T03:21:22+00:00,03:21:22,XRP,2.394411,2.3941,2.3946,dom,1,2026-01-06T03:23:50.284507+00:00
2026-01-06T03:21:23+00:00,03:21:23,XRP,2.394411,2.3941,2.3946,dom,1,2026-01-06T03:23:51.277963+00:00
2026-01-06T03:21:24+00:00,03:21:24,XRP,2.394311,2.394,2.3945,dom,1,2026-01-06T03:23:52.317103+00:00
2026-01-06T03:21:25+00:00,03:21:25,XRP,2.394211,2.3939,2.3944,dom,1,2026-01-06T03:23:53.428175+00:00
2026-01-06T03:21:26+00:00,03:21:26,XRP,2.394111,2.3938,2.3943,dom,1,2026-01-06T03:23:54.530641+00:00
2026-01-06T03:21:27+00:00,03:21:27,XRP,2.394011,2.3937,2.3942,dom,1,2026-01-06T03:23:55.640607+00:00
2026-01-06T03:21:28+00:00,03:21:28,XRP,2.394011,2.3937,2.3942,dom,1,2026-01-06T03:23:56.678792+00:00
2026-01-06T03:21:30+00:00,03:21:30,XRP,2.394111,2.3938,2.3942,dom,1,2026-01-06T03:23:57.777906+00:00
2026-01-06T03:21:31+00:00,03:21:31,XRP,2.394111,2.3938,2.3943,dom,1,2026-01-06T03:23:58.781088+00:00
2026-01-06T03:21:32+00:00,03:21:32,XRP,2.394411,2.394,2.3948,dom,1,2026-01-06T03:23:59.870243+00:00
2026-01-06T03:21:33+00:00,03:21:33,XRP,2.394511,2.3945,2.3951,dom,1,2026-01-06T03:24:01.069757+00:00
2026-01-06T03:21:34+00:00,03:21:34,XRP,2.395511,2.3952,2.3959,dom,1,2026-01-06T03:24:02.222703+00:00
2026-01-06T03:21:35+00:00,03:21:35,XRP,2.395711,2.3954,2.3959,dom,1,2026-01-06T03:24:03.577200+00:00
2026-01-06T03:21:36+00:00,03:21:36,XRP,2.395711,2.3954,2.3959,dom,1,2026-01-06T03:24:04.609409+00:00
2026-01-06T03:21:37+00:00,03:21:37,XRP,2.395711,2.3953,2.3958,dom,1,2026-01-06T03:24:05.595456+00:00
2026-01-06T03:21:38+00:00,03:21:38,XRP,2.395411,2.3952,2.3955,dom,1,2026-01-06T03:24:06.655690+00:00
2026-01-06T03:21:39+00:00,03:21:39,XRP,2.395111,2.3949,2.3952,dom,1,2026-01-06T03:24:07.704103+00:00
2026-01-06T03:21:41+00:00,03:21:41,XRP,2.395011,2.3947,2.3951,dom,1,2026-01-06T03:24:08.857775+00:00
2026-01-06T03:21:42+00:00,03:21:42,XRP,2.394211,2.394,2.3943,dom,1,2026-01-06T03:24:09.875858+00:00
2026-01-06T03:21:43+00:00,03:21:43,XRP,2.394111,2.3937,2.3943,dom,1,2026-01-06T03:24:10.922118+00:00
2026-01-06T03:21:44+00:00,03:21:44,XRP,2.393711,2.3934,2.3938,dom,1,2026-01-06T03:24:12.942124+00:00
2026-01-06T03:21:45+00:00,03:21:45,XRP,2.393311,2.3929,2.3934,dom,1,2026-01-06T03:24:14.158595+00:00
2026-01-06T03:21:46+00:00,03:21:46,XRP,2.392811,2.3925,2.393,dom,1,2026-01-06T03:24:15.176130+00:00
2026-01-06T03:21:47+00:00,03:21:47,XRP,2.392511,2.3922,2.3926,dom,1,2026-01-06T03:24:16.190974+00:00
2026-01-06T03:21:49+00:00,03:21:49,XRP,2.393111,2.3927,2.3932,dom,1,2026-01-06T03:24:17.414347+00:00
2026-01-06T03:21:50+00:00,03:21:50,XRP,2.393111,2.3927,2.3932,dom,1,2026-01-06T03:24:18.390723+00:00
2026-01-06T03:21:51+00:00,03:21:51,XRP,2.393111,2.3927,2.3932,dom,1,2026-01-06T03:24:19.404412+00:00
2026-01-06T03:21:52+00:00,03:21:52,XRP,2.393111,2.3927,2.3932,dom,1,2026-01-06T03:24:20.409699+00:00
2026-01-06T03:21:53+00:00,03:21:53,XRP,2.393111,2.3927,2.3933,dom,1,2026-01-06T03:24:21.448128+00:00
2026-01-06T03:21:54+00:00,03:21:54,XRP,2.393011,2.3928,2.3932,dom,1,2026-01-06T03:24:22.489166+00:00
2026-01-06T03:21:55+00:00,03:21:55,XRP,2.392811,2.3925,2.393,dom,1,2026-01-06T03:24:23.510206+00:00
2026-01-06T03:21:56+00:00,03:21:56,XRP,2.392811,2.3925,2.393,dom,1,2026-01-06T03:24:24.588170+00:00
2026-01-06T03:21:57+00:00,03:21:57,XRP,2.392811,2.3925,2.393,dom,1,2026-01-06T03:24:25.633051+00:00
2026-01-06T03:21:58+00:00,03:21:58,XRP,2.392811,2.3925,2.393,dom,1,2026-01-06T03:24:26.630062+00:00
2026-01-06T03:21:59+00:00,03:21:59,XRP,2.392711,2.3924,2.3928,dom,1,2026-01-06T03:24:27.780312+00:00
2026-01-06T03:22:00+00:00,03:22:00,XRP,2.392711,2.3923,2.3929,dom,1,2026-01-06T03:24:28.905274+00:00
2026-01-06T03:22:02+00:00,03:22:02,XRP,2.392911,2.3925,2.3931,dom,1,2026-01-06T03:24:30.491610+00:00
2026-01-06T03:22:03+00:00,03:22:03,XRP,2.393111,2.3927,2.3932,dom,1,2026-01-06T03:24:31.506451+00:00
2026-01-06T03:22:04+00:00,03:22:04,XRP,2.392811,2.3925,2.3929,dom,1,2026-01-06T03:24:32.526052+00:00
2026-01-06T03:22:05+00:00,03:22:05,XRP,2.392511,2.392,2.3927,dom,1,2026-01-06T03:24:33.772681+00:00
2026-01-06T03:22:06+00:00,03:22:06,XRP,2.392311,2.3919,2.3925,dom,1,2026-01-06T03:24:34.934734+00:00
2026-01-06T03:22:07+00:00,03:22:07,XRP,2.392311,2.3919,2.3925,dom,1,2026-01-06T03:24:35.906708+00:00
2026-01-06T03:22:08+00:00,03:22:08,XRP,2.392411,2.3919,2.3925,dom,1,2026-01-06T03:24:36.922734+00:00
2026-01-06T03:22:09+00:00,03:22:09,XRP,2.392511,2.3919,2.3926,dom,1,2026-01-06T03:24:37.956618+00:00
2026-01-06T03:22:10+00:00,03:22:10,XRP,2.392511,2.392,2.3926,dom,1,2026-01-06T03:24:38.992490+00:00
2026-01-06T03:22:11+00:00,03:22:11,XRP,2.392411,2.392,2.3926,dom,1,2026-01-06T03:24:39.989838+00:00
2026-01-06T03:22:12+00:00,03:22:12,XRP,2.392511,2.3921,2.3926,dom,1,2026-01-06T03:24:41.014484+00:00
2026-01-06T03:22:13+00:00,03:22:13,XRP,2.392411,2.3921,2.3926,dom,1,2026-01-06T03:24:42.168729+00:00
2026-01-06T03:22:14+00:00,03:22:14,XRP,2.392411,2.3921,2.3926,dom,1,2026-01-06T03:24:43.182468+00:00
2026-01-06T03:22:15+00:00,03:22:15,XRP,2.392411,2.3921,2.3926,dom,1,2026-01-06T03:24:44.251428+00:00
2026-01-06T03:22:17+00:00,03:22:17,XRP,2.392311,2.3919,2.3925,dom,1,2026-01-06T03:24:45.360518+00:00
2026-01-06T03:22:18+00:00,03:22:18,XRP,2.392311,2.3919,2.3924,dom,1,2026-01-06T03:24:46.353833+00:00
2026-01-06T03:22:19+00:00,03:22:19,XRP,2.391611,2.3914,2.3918,dom,1,2026-01-06T03:24:47.600755+00:00
2026-01-06T03:22:20+00:00,03:22:20,XRP,2.391811,2.3914,2.392,dom,1,2026-01-06T03:24:48.910443+00:00
2026-01-06T03:22:21+00:00,03:22:21,XRP,2.392111,2.3917,2.3923,dom,1,2026-01-06T03:24:50.668610+00:00
2026-01-06T03:22:22+00:00,03:22:22,XRP,2.392111,2.3917,2.3923,dom,1,2026-01-06T03:24:50.918472+00:00
2026-01-06T03:22:23+00:00,03:22:23,XRP,2.392311,2.3918,2.3924,dom,1,2026-01-06T03:24:51.938389+00:00
2026-01-06T03:22:24+00:00,03:22:24,XRP,2.392211,2.3919,2.3924,dom,1,2026-01-06T03:24:52.944374+00:00
2026-01-06T03:22:25+00:00,03:22:25,XRP,2.392211,2.3918,2.3924,dom,1,2026-01-06T03:24:53.948669+00:00
2026-01-06T03:22:27+00:00,03:22:27,XRP,2.392111,2.3918,2.3924,dom,1,2026-01-06T03:24:55.670475+00:00
2026-01-06T03:22:28+00:00,03:22:28,XRP,2.392211,2.3919,2.3924,dom,1,2026-01-06T03:24:56.828263+00:00
2026-01-06T03:22:29+00:00,03:22:29,XRP,2.392211,2.3919,2.3924,dom,1,2026-01-06T03:24:57.398137+00:00
2026-01-06T03:22:30+00:00,03:22:30,XRP,2.392611,2.3924,2.3928,dom,1,2026-01-06T03:24:58.358815+00:00
2026-01-06T03:22:31+00:00,03:22:31,XRP,2.392411,2.3921,2.3925,dom,1,2026-01-06T03:24:59.378644+00:00
2026-01-06T03:22:32+00:00,03:22:32,XRP,2.392311,2.3919,2.3925,dom,1,2026-01-06T03:25:01.397249+00:00
2026-01-06T03:22:33+00:00,03:22:33,XRP,2.392311,2.392,2.3925,dom,1,2026-01-06T03:25:02.448367+00:00
2026-01-06T03:22:34+00:00,03:22:34,XRP,2.392311,2.392,2.3925,dom,1,2026-01-06T03:25:03.434844+00:00
2026-01-06T03:22:35+00:00,03:22:35,XRP,2.392311,2.392,2.3925,dom,1,2026-01-06T03:25:04.502813+00:00
2026-01-06T03:22:36+00:00,03:22:36,XRP,2.392311,2.392,2.3925,dom,1,2026-01-06T03:25:05.444542+00:00
2026-01-06T03:22:37+00:00,03:22:37,XRP,2.392311,2.392,2.3925,dom,1,2026-01-06T03:25:06.436909+00:00
2026-01-06T03:22:38+00:00,03:22:38,XRP,2.392511,2.3921,2.3926,dom,1,2026-01-06T03:25:07.456051+00:00
2026-01-06T03:22:39+00:00,03:22:39,XRP,2.392611,2.3922,2.3928,dom,1,2026-01-06T03:25:08.527287+00:00
2026-01-06T03:22:41+00:00,03:22:41,XRP,2.392611,2.3923,2.3928,dom,1,2026-01-06T03:25:09.749522+00:00
2026-01-06T03:22:42+00:00,03:22:42,XRP,2.392611,2.3923,2.3928,dom,1,2026-01-06T03:25:10.851205+00:00
2026-01-06T03:22:43+00:00,03:22:43,XRP,2.392611,2.3923,2.3928,dom,1,2026-01-06T03:25:11.922105+00:00
2026-01-06T03:22:44+00:00,03:22:44,XRP,2.392211,2.392,2.3924,dom,1,2026-01-06T03:25:12.796514+00:00
2026-01-06T03:22:45+00:00,03:22:45,XRP,2.392711,2.3923,2.3929,dom,1,2026-01-06T03:25:13.771076+00:00
2026-01-06T03:22:46+00:00,03:22:46,XRP,2.392711,2.3923,2.3928,dom,1,2026-01-06T03:25:14.767924+00:00
2026-01-06T03:22:47+00:00,03:22:47,XRP,2.392711,2.3923,2.3929,dom,1,2026-01-06T03:25:15.787030+00:00
2026-01-06T03:22:48+00:00,03:22:48,XRP,2.392711,2.3923,2.3928,dom,1,2026-01-06T03:25:16.787136+00:00
2026-01-06T03:22:49+00:00,03:22:49,XRP,2.392711,2.3923,2.3929,dom,1,2026-01-06T03:25:17.809078+00:00
2026-01-06T03:22:50+00:00,03:22:50,XRP,2.392711,2.3923,2.3929,dom,1,2026-01-06T03:25:19.180901+00:00
2026-01-06T03:22:51+00:00,03:22:51,XRP,2.392311,2.3922,2.3924,dom,1,2026-01-06T03:25:19.821955+00:00
2026-01-06T03:22:52+00:00,03:22:52,XRP,2.392111,2.392,2.3924,dom,1,2026-01-06T03:25:20.836374+00:00
2026-01-06T03:22:53+00:00,03:22:53,XRP,2.391711,2.3914,2.3919,dom,1,2026-01-06T03:25:21.839852+00:00
2026-01-06T03:22:54+00:00,03:22:54,XRP,2.391611,2.3912,2.3917,dom,1,2026-01-06T03:25:22.868915+00:00
2026-01-06T03:22:55+00:00,03:22:55,XRP,2.391411,2.3911,2.3916,dom,1,2026-01-06T03:25:23.862936+00:00
2026-01-06T03:22:56+00:00,03:22:56,XRP,2.391111,2.3907,2.3912,dom,1,2026-01-06T03:25:25.263746+00:00
2026-01-06T03:22:57+00:00,03:22:57,XRP,2.391111,2.3906,2.3913,dom,1,2026-01-06T03:25:26.170968+00:00
2026-01-06T03:22:58+00:00,03:22:58,XRP,2.391411,2.391,2.3915,dom,1,2026-01-06T03:25:27.189824+00:00
2026-01-06T03:22:59+00:00,03:22:59,XRP,2.391311,2.391,2.3915,dom,1,2026-01-06T03:25:28.187443+00:00
2026-01-06T03:23:00+00:00,03:23:00,XRP,2.391411,2.391,2.3915,dom,1,2026-01-06T03:25:29.314332+00:00
2026-01-06T03:23:01+00:00,03:23:01,XRP,2.391811,2.391,2.392,dom,1,2026-01-06T03:25:30.232103+00:00
2026-01-06T03:23:02+00:00,03:23:02,XRP,2.391911,2.3915,2.3921,dom,1,2026-01-06T03:25:31.359724+00:00
2026-01-06T03:23:03+00:00,03:23:03,XRP,2.391911,2.3917,2.3921,dom,1,2026-01-06T03:25:32.358395+00:00
2026-01-06T03:23:04+00:00,03:23:04,XRP,2.392011,2.3917,2.3921,dom,1,2026-01-06T03:25:33.335032+00:00
2026-01-06T03:23:05+00:00,03:23:05,XRP,2.392011,2.3917,2.3922,dom,1,2026-01-06T03:25:34.341011+00:00
2026-01-06T03:23:06+00:00,03:23:06,XRP,2.392111,2.3917,2.3922,dom,1,2026-01-06T03:25:35.351417+00:00
2026-01-06T03:23:07+00:00,03:23:07,XRP,2.392011,2.3917,2.3922,dom,1,2026-01-06T03:25:36.374766+00:00
2026-01-06T03:23:08+00:00,03:23:08,XRP,2.391411,2.3912,2.3915,dom,1,2026-01-06T03:25:37.362363+00:00
2026-01-06T03:23:09+00:00,03:23:09,XRP,2.391011,2.3906,2.3912,dom,1,2026-01-06T03:25:38.463587+00:00
2026-01-06T03:23:10+00:00,03:23:10,XRP,2.391011,2.3906,2.3912,dom,1,2026-01-06T03:25:39.374770+00:00
2026-01-06T03:23:11+00:00,03:23:11,XRP,2.391011,2.3906,2.3911,dom,1,2026-01-06T03:25:40.499128+00:00
2026-01-06T03:23:12+00:00,03:23:12,XRP,2.391011,2.3906,2.3911,dom,1,2026-01-06T03:25:41.496221+00:00
2026-01-06T03:23:13+00:00,03:23:13,XRP,2.391011,2.3905,2.3911,dom,1,2026-01-06T03:25:42.518454+00:00
2026-01-06T03:23:14+00:00,03:23:14,XRP,2.391011,2.3906,2.3911,dom,1,2026-01-06T03:25:43.529183+00:00
2026-01-06T03:23:15+00:00,03:23:15,XRP,2.391011,2.3905,2.3911,dom,1,2026-01-06T03:25:44.544679+00:00
2026-01-06T03:23:16+00:00,03:23:16,XRP,2.390911,2.3905,2.391,dom,1,2026-01-06T03:25:45.571484+00:00
2026-01-06T03:23:17+00:00,03:23:17,XRP,2.390711,2.3904,2.3908,dom,1,2026-01-06T03:25:46.704046+00:00
2026-01-06T03:23:18+00:00,03:23:18,XRP,2.390611,2.3903,2.3907,dom,1,2026-01-06T03:25:47.727627+00:00
2026-01-06T03:23:19+00:00,03:23:19,XRP,2.390611,2.3903,2.3908,dom,1,2026-01-06T03:25:48.794569+00:00
2026-01-06T03:23:20+00:00,03:23:20,XRP,2.390611,2.3903,2.3908,dom,1,2026-01-06T03:25:49.869955+00:00
2026-01-06T03:23:21+00:00,03:23:21,XRP,2.390611,2.3903,2.3908,dom,1,2026-01-06T03:25:50.914234+00:00
2026-01-06T03:23:23+00:00,03:23:23,XRP,2.390811,2.3904,2.3909,dom,1,2026-01-06T03:25:52.257394+00:00
2026-01-06T03:23:24+00:00,03:23:24,XRP,2.390811,2.3904,2.3909,dom,1,2026-01-06T03:25:53.320261+00:00
2026-01-06T03:23:25+00:00,03:23:25,XRP,2.390811,2.3904,2.3909,dom,1,2026-01-06T03:25:54.264966+00:00
2026-01-06T03:23:26+00:00,03:23:26,XRP,2.390811,2.3904,2.3909,dom,1,2026-01-06T03:25:55.246927+00:00
2026-01-06T03:23:27+00:00,03:23:27,XRP,2.390611,2.3903,2.3908,dom,1,2026-01-06T03:25:56.250874+00:00
2026-01-06T03:23:28+00:00,03:23:28,XRP,2.390611,2.3903,2.3908,dom,1,2026-01-06T03:25:57.292026+00:00
2026-01-06T03:23:29+00:00,03:23:29,XRP,2.390911,2.3905,2.391,dom,1,2026-01-06T03:25:58.912964+00:00
2026-01-06T03:23:30+00:00,03:23:30,XRP,2.390911,2.3905,2.391,dom,1,2026-01-06T03:25:59.899336+00:00
2026-01-06T03:23:31+00:00,03:23:31,XRP,2.390911,2.3905,2.391,dom,1,2026-01-06T03:26:01.043789+00:00
2026-01-06T03:23:32+00:00,03:23:32,XRP,2.390511,2.3902,2.3907,dom,1,2026-01-06T03:26:01.988434+00:00
2026-01-06T03:23:33+00:00,03:23:33,XRP,2.390211,2.3899,2.3903,dom,1,2026-01-06T03:26:03.052859+00:00
2026-01-06T03:23:34+00:00,03:23:34,XRP,2.390111,2.3898,2.3903,dom,1,2026-01-06T03:26:03.981384+00:00
2026-01-06T03:23:35+00:00,03:23:35,XRP,2.390011,2.3897,2.3902,dom,1,2026-01-06T03:26:05.036615+00:00
2026-01-06T03:23:36+00:00,03:23:36,XRP,2.390011,2.3897,2.3902,dom,1,2026-01-06T03:26:06.040925+00:00
2026-01-06T03:23:37+00:00,03:23:37,XRP,2.390111,2.3898,2.3903,dom,1,2026-01-06T03:26:07.013944+00:00
2026-01-06T03:23:38+00:00,03:23:38,XRP,2.390211,2.3899,2.3904,dom,1,2026-01-06T03:26:08.043666+00:00
2026-01-06T03:23:39+00:00,03:23:39,XRP,2.390211,2.3899,2.3903,dom,1,2026-01-06T03:26:09.036121+00:00
2026-01-06T03:23:40+00:00,03:23:40,XRP,2.390211,2.3898,2.3903,dom,1,2026-01-06T03:26:10.241523+00:00
2026-01-06T03:23:41+00:00,03:23:41,XRP,2.390211,2.3898,2.3903,dom,1,2026-01-06T03:26:11.048757+00:00
2026-01-06T03:23:42+00:00,03:23:42,XRP,2.390211,2.3898,2.3903,dom,1,2026-01-06T03:26:12.070124+00:00
2026-01-06T03:23:43+00:00,03:23:43,XRP,2.390411,2.39,2.3906,dom,1,2026-01-06T03:26:13.085818+00:00
2026-01-06T03:23:44+00:00,03:23:44,XRP,2.390611,2.3902,2.3908,dom,1,2026-01-06T03:26:14.108604+00:00
2026-01-06T03:23:45+00:00,03:23:45,XRP,2.390511,2.3902,2.3908,dom,1,2026-01-06T03:26:15.300955+00:00
2026-01-06T03:23:46+00:00,03:23:46,XRP,2.390711,2.3903,2.3908,dom,1,2026-01-06T03:26:16.110251+00:00
2026-01-06T03:23:47+00:00,03:23:47,XRP,2.390911,2.3905,2.391,dom,1,2026-01-06T03:26:17.196250+00:00
2026-01-06T03:23:48+00:00,03:23:48,XRP,2.390911,2.3905,2.391,dom,1,2026-01-06T03:26:18.146773+00:00
2026-01-06T03:23:49+00:00,03:23:49,XRP,2.390711,2.3904,2.3909,dom,1,2026-01-06T03:26:19.127362+00:00
2026-01-06T03:23:50+00:00,03:23:50,XRP,2.390511,2.3903,2.3907,dom,1,2026-01-06T03:26:20.798661+00:00
2026-01-06T03:23:52+00:00,03:23:52,XRP,2.390511,2.3903,2.3907,dom,1,2026-01-06T03:26:22.056272+00:00
2026-01-06T03:23:53+00:00,03:23:53,XRP,2.390511,2.3902,2.3907,dom,1,2026-01-06T03:26:23.118374+00:00
2026-01-06T03:23:54+00:00,03:23:54,XRP,2.390611,2.3902,2.3907,dom,1,2026-01-06T03:26:24.106056+00:00
2026-01-06T03:23:55+00:00,03:23:55,XRP,2.390611,2.3902,2.3907,dom,1,2026-01-06T03:26:25.207106+00:00
2026-01-06T03:23:57+00:00,03:23:57,XRP,2.390611,2.3902,2.3907,dom,1,2026-01-06T03:26:26.453360+00:00
2026-01-06T03:23:58+00:00,03:23:58,XRP,2.390611,2.3902,2.3907,dom,1,2026-01-06T03:26:27.938006+00:00
2026-01-06T03:23:59+00:00,03:23:59,XRP,2.390611,2.3902,2.3907,dom,1,2026-01-06T03:26:28.777613+00:00
2026-01-06T03:24:00+00:00,03:24:00,XRP,2.390911,2.3903,2.391,dom,1,2026-01-06T03:26:30.402428+00:00
2026-01-06T03:24:01+00:00,03:24:01,XRP,2.391011,2.3905,2.3912,dom,1,2026-01-06T03:26:30.917806+00:00
2026-01-06T03:24:02+00:00,03:24:02,XRP,2.390911,2.3905,2.3911,dom,1,2026-01-06T03:26:32.435374+00:00
2026-01-06T03:24:04+00:00,03:24:04,XRP,2.390511,2.3903,2.3906,dom,1,2026-01-06T03:26:33.684134+00:00
2026-01-06T03:24:05+00:00,03:24:05,XRP,2.390211,2.3898,2.3903,dom,1,2026-01-06T03:26:34.722070+00:00
2026-01-06T03:24:06+00:00,03:24:06,XRP,2.390311,2.3899,2.3905,dom,1,2026-01-06T03:26:35.689309+00:00
2026-01-06T03:24:07+00:00,03:24:07,XRP,2.390211,2.3899,2.3905,dom,1,2026-01-06T03:26:37.103586+00:00
2026-01-06T03:24:08+00:00,03:24:08,XRP,2.390011,2.3898,2.3902,dom,1,2026-01-06T03:26:37.746606+00:00
2026-01-06T03:24:09+00:00,03:24:09,XRP,2.390011,2.3896,2.3901,dom,1,2026-01-06T03:26:40.194663+00:00
2026-01-06T03:24:11+00:00,03:24:11,XRP,2.390011,2.3896,2.3901,dom,1,2026-01-06T03:26:40.822608+00:00
2026-01-06T03:24:12+00:00,03:24:12,XRP,2.389911,2.3896,2.3901,dom,1,2026-01-06T03:26:41.964953+00:00
2026-01-06T03:24:13+00:00,03:24:13,XRP,2.390011,2.3896,2.3902,dom,1,2026-01-06T03:26:43.108529+00:00
2026-01-06T03:24:14+00:00,03:24:14,XRP,2.389911,2.3896,2.3901,dom,1,2026-01-06T03:26:44.238425+00:00
2026-01-06T03:24:15+00:00,03:24:15,XRP,2.389911,2.3896,2.3901,dom,1,2026-01-06T03:26:45.225537+00:00
2026-01-06T03:24:16+00:00,03:24:16,XRP,2.389911,2.3895,2.3901,dom,1,2026-01-06T03:26:46.187528+00:00
2026-01-06T03:24:17+00:00,03:24:17,XRP,2.389911,2.3896,2.3901,dom,1,2026-01-06T03:26:47.304959+00:00
2026-01-06T03:24:18+00:00,03:24:18,XRP,2.389911,2.3896,2.3901,dom,1,2026-01-06T03:26:48.553853+00:00
2026-01-06T03:24:19+00:00,03:24:19,XRP,2.389911,2.3896,2.3901,dom,1,2026-01-06T03:26:49.675693+00:00
2026-01-06T03:24:20+00:00,03:24:20,XRP,2.389911,2.3896,2.3901,dom,1,2026-01-06T03:26:50.667777+00:00
2026-01-06T03:24:21+00:00,03:24:21,XRP,2.389911,2.3896,2.3901,dom,1,2026-01-06T03:26:51.693201+00:00
2026-01-06T03:24:22+00:00,03:24:22,XRP,2.390011,2.3896,2.3901,dom,1,2026-01-06T03:26:52.665019+00:00
2026-01-06T03:24:23+00:00,03:24:23,XRP,2.390011,2.3896,2.3901,dom,1,2026-01-06T03:26:53.669202+00:00
2026-01-06T03:24:25+00:00,03:24:25,XRP,2.390011,2.3896,2.3901,dom,1,2026-01-06T03:26:54.782694+00:00
2026-01-06T03:24:26+00:00,03:24:26,XRP,2.389911,2.3896,2.3901,dom,1,2026-01-06T03:26:57.340444+00:00
2026-01-06T03:24:27+00:00,03:24:27,XRP,2.390011,2.3896,2.3901,dom,1,2026-01-06T03:26:57.453642+00:00
2026-01-06T03:24:28+00:00,03:24:28,XRP,2.390011,2.3896,2.3901,dom,1,2026-01-06T03:26:58.438251+00:00
2026-01-06T03:24:29+00:00,03:24:29,XRP,2.390011,2.3896,2.3901,dom,1,2026-01-06T03:26:59.449175+00:00
2026-01-06T03:24:30+00:00,03:24:30,XRP,2.389111,2.3888,2.3894,dom,1,2026-01-06T03:27:00.453429+00:00
2026-01-06T03:24:31+00:00,03:24:31,XRP,2.387711,2.3876,2.388,dom,1,2026-01-06T03:27:01.501706+00:00
2026-01-06T03:24:32+00:00,03:24:32,XRP,2.387111,2.3869,2.3872,dom,1,2026-01-06T03:27:02.539629+00:00
2026-01-06T03:24:33+00:00,03:24:33,XRP,2.386911,2.3866,2.387,dom,1,2026-01-06T03:27:03.498877+00:00
2026-01-06T03:24:34+00:00,03:24:34,XRP,2.386811,2.3866,2.387,dom,1,2026-01-06T03:27:04.571656+00:00
2026-01-06T03:24:35+00:00,03:24:35,XRP,2.386811,2.3866,2.387,dom,1,2026-01-06T03:27:05.581242+00:00
2026-01-06T03:24:36+00:00,03:24:36,XRP,2.386811,2.3865,2.387,dom,1,2026-01-06T03:27:06.524532+00:00
2026-01-06T03:24:37+00:00,03:24:37,XRP,2.386911,2.3865,2.387,dom,1,2026-01-06T03:27:07.550721+00:00
2026-01-06T03:24:38+00:00,03:24:38,XRP,2.386811,2.3865,2.3869,dom,1,2026-01-06T03:27:08.554053+00:00
2026-01-06T03:24:39+00:00,03:24:39,XRP,2.386711,2.3864,2.3868,dom,1,2026-01-06T03:27:09.572723+00:00
2026-01-06T03:24:40+00:00,03:24:40,XRP,2.386611,2.3862,2.3869,dom,1,2026-01-06T03:27:10.730064+00:00
2026-01-06T03:24:42+00:00,03:24:42,XRP,2.386611,2.3861,2.3867,dom,1,2026-01-06T03:27:12.680912+00:00
2026-01-06T03:24:43+00:00,03:24:43,XRP,2.386511,2.3861,2.3866,dom,1,2026-01-06T03:27:13.697962+00:00
2026-01-06T03:24:44+00:00,03:24:44,XRP,2.386511,2.386,2.3866,dom,1,2026-01-06T03:27:14.689631+00:00
